gen,design_id,Efficiency,Massflow,Compression_ratio
1,0,0.8769563,20.308886,2.0328276
1,1,0.8815849,20.029734,2.0236592
1,2,0.8882634,19.74163,1.9840012
1,3,0.87714666,20.205053,2.0559933
1,4,0.88298064,19.8298,2.0155494
1,5,0.8729993,20.349882,2.074946
10,0,0.87742776,20.575495,2.0418713
10,1,0.87161577,20.731394,2.1000233
10,2,0.8878947,20.476852,2.064166
10,3,0.87156665,20.736135,2.100417
10,4,0.8785337,20.568033,2.041713
10,5,0.895715,20.032875,2.018615
10,6,0.8974385,19.903536,2.0229557
10,7,0.8701551,20.817696,2.096733
10,8,0.8972526,19.973827,2.0142283
10,9,0.888924,20.273676,2.0290463
10,10,0.9003917,19.822422,2.007607
10,11,0.9030143,19.389872,1.9693094
10,12,0.89886343,19.83758,2.0127027
10,13,0.8676079,20.842104,2.0824044
10,14,0.88747877,20.522825,2.06086
10,15,0.87238574,20.682037,2.0841663
10,16,0.8930454,20.251865,2.0367908
10,17,0.87665117,20.649036,2.0426924
10,18,0.8708388,20.776556,2.0792563
10,19,0.8715109,20.766382,2.0861886
10,20,0.8595713,20.845148,2.0990303
10,21,0.888674,20.292616,2.0374458
10,22,0.9023841,19.685345,1.9940852
10,23,0.89386195,20.103277,2.0338647
20,0,0.8931227,20.618364,2.051982
20,1,0.8935913,20.52324,2.0431724
20,2,0.87279993,21.035303,2.099152
20,3,0.8912172,20.653254,2.0497854
20,4,0.87400025,21.02297,2.08476
20,5,0.90281117,20.093426,2.015236
20,6,0.8958743,20.44211,2.0571907
20,7,0.88063145,20.932821,2.086632
20,8,0.9090671,19.509636,1.9857199
20,9,0.8956463,20.519285,2.0633318
20,10,0.88562554,20.84096,2.0708876
20,11,0.9038015,20.020088,2.0120432
20,12,0.90191746,20.148989,2.0355058
20,13,0.8778829,20.968897,2.0866327
20,14,0.90706706,19.831938,2.0137088
20,15,0.8978702,20.42431,2.0523405
20,16,0.88398653,20.858408,2.0611706
20,17,0.8896024,20.693323,2.0785422
20,18,0.8957368,20.50706,2.0598626
20,19,0.8990894,20.340828,2.0449169
20,20,0.8743004,21.01645,2.0714545
20,21,0.9102992,19.427364,1.9824299
20,22,0.90112317,20.20672,2.0419612
20,23,0.8837547,20.908371,2.081084
20,24,0.8934806,20.579504,2.0372386
20,25,0.87642103,21.006842,2.0810497
20,26,0.8895577,20.69601,2.0787559
20,27,0.8705112,21.088303,2.0972793
20,28,0.90036184,20.218147,2.0424588
20,29,0.87006813,21.225643,2.0960903
20,30,0.9033386,20.05578,2.0114787
20,31,0.9082258,19.764065,1.9992064
20,32,0.9067527,19.940187,2.0226352
20,33,0.86744344,21.268288,2.0956254
20,34,0.88614064,20.838907,2.0685308
20,35,0.89966434,20.2744,2.0402987
20,36,0.89114344,20.653378,2.0496585
20,37,0.9090234,19.650206,1.9994111
20,38,0.8893845,20.756275,2.062176
30,0,0.9040217,20.20201,2.0182853
30,1,0.89083546,20.869537,2.0872207
30,2,0.89548635,20.636005,2.0568404
30,3,0.8707,21.359634,2.0953684
30,4,0.87591565,21.272827,2.0898294
30,5,0.8857643,20.984402,2.084481
30,6,0.8959416,20.609207,2.0561342
30,7,0.8911844,20.855455,2.0867372
30,8,0.9074988,20.014128,2.0130823
30,9,0.904171,20.159437,2.032853
30,10,0.90766066,19.959076,2.0071046
30,11,0.9037872,20.22347,2.027687
30,12,0.90340644,20.230263,2.0427976
30,13,0.86660403,21.366371,2.0997767
30,14,0.89086604,20.868404,2.0872273
30,15,0.90115154,20.399612,2.0387962
30,16,0.89517105,20.706112,2.066461
30,17,0.8883408,20.943398,2.0793595
30,18,0.8890014,20.876266,2.0762446
30,19,0.87448674,21.308243,2.096747
30,20,0.8925426,20.761423,2.0629056
30,21,0.8990457,20.480791,2.05231
30,22,0.88725615,20.964886,2.0847225
30,23,0.892245,20.766632,2.0758665
30,24,0.90164804,20.37994,2.037451
30,25,0.90870965,19.865965,2.0026014
30,26,0.8961754,20.573994,2.0521533
30,27,0.8669108,21.363464,2.0844135
30,28,0.90538764,20.059597,2.0270646
30,29,0.8897205,20.874931,2.0781968
30,30,0.9111375,19.606615,1.9959284
30,31,0.89872533,20.521019,2.0662766
30,32,0.90517056,20.13,2.0217733
30,33,0.8916526,20.769909,2.074096
30,34,0.8784888,21.176931,2.100647
30,35,0.900085,20.428183,2.0511465
30,36,0.89362484,20.75402,2.0616682
30,37,0.90524006,20.069818,2.0250747
30,38,0.9052202,20.091894,2.0209577
30,39,0.8986436,20.523746,2.066698
30,40,0.88223284,21.091125,2.087755
30,41,0.875507,21.291477,2.090743
30,42,0.90073156,20.41846,2.0391092
30,43,0.8912322,20.834019,2.070247
30,44,0.8802962,21.10741,2.0828366
30,45,0.8973299,20.561497,2.0603566
30,46,0.8953112,20.663073,2.0682678
30,47,0.8840021,21.05007,2.0742164
30,48,0.90948623,19.840048,1.9978894
30,49,0.87768584,21.192831,2.1013505
30,50,0.90481,20.146423,2.029212
30,51,0.8792995,21.145693,2.0919642
30,52,0.8855661,20.992285,2.0680673
30,53,0.90845394,19.905258,2.0012088
30,54,0.9079743,19.939476,2.0200562
30,55,0.9066462,20.046179,2.0191088
30,56,0.8732175,21.343752,2.085468
30,57,0.891569,20.774498,2.0746248
30,58,0.8972112,20.569197,2.0699353
30,59,0.90318733,20.309725,2.0322568
30,60,0.91008586,19.792904,2.0034454
30,61,0.87598103,21.230715,2.0837755
30,62,0.8998668,20.46859,2.047771
30,63,0.89244634,20.766624,2.0757937
30,64,0.887671,20.950264,2.0772755
30,65,0.8984722,20.543198,2.0631962
30,66,0.87531334,21.29978,2.0904434
30,67,0.9009981,20.415758,2.0405705
30,68,0.89491487,20.732508,2.0699482
30,69,0.90869933,19.892025,2.0015829
40,0,0.8933195,20.79295,2.0713356
40,1,0.89194196,20.845654,2.0815382
40,2,0.89070076,20.889301,2.0717309
40,3,0.89369416,20.790756,2.0740893
40,4,0.881744,21.208805,2.1037729
40,5,0.9094429,19.997494,2.0149708
40,6,0.89110655,20.874735,2.0813591
40,7,0.8961404,20.673178,2.0734663
40,8,0.91223705,19.757092,1.9974293
40,9,0.89938545,20.56082,2.05426
40,10,0.89296895,20.82515,2.0675564
40,11,0.8817076,21.209356,2.1037598
40,12,0.8765261,21.286839,2.0873492
40,13,0.9035394,20.31259,2.0368817
40,14,0.89324343,20.799152,2.0800576
40,15,0.8848527,21.120575,2.0961537
40,16,0.8991698,20.570242,2.0643284
40,17,0.9119086,19.83161,2.001316
40,18,0.8841717,21.142338,2.093185
40,19,0.91133285,19.92349,2.0106418
40,20,0.8906868,20.904476,2.057868
40,21,0.8956105,20.69319,2.0514235
40,22,0.8961521,20.672697,2.0734136
40,23,0.90428656,20.296675,2.0469341
40,24,0.8969583,20.655222,2.0690832
40,25,0.89601004,20.675772,2.057352
40,26,0.9036724,20.299276,2.0270092
40,27,0.8986329,20.611818,2.053596
40,28,0.90319777,20.3378,2.047852
40,29,0.8758572,21.30184,2.085178
40,30,0.9008619,20.504297,2.0391202
40,31,0.89047515,20.911419,2.0797915
40,32,0.8967573,20.665722,2.058155
40,33,0.8773401,21.28664,2.0857275
40,34,0.9103978,19.978563,2.0148573
40,35,0.88986087,20.942352,2.0869415
40,36,0.88596565,21.088694,2.0938847
40,37,0.8904972,20.90853,2.071545
40,38,0.9078026,20.1102,2.0238278
40,39,0.9002022,20.534306,2.0629878
40,40,0.8918069,20.873878,2.0754666
40,41,0.8795994,21.237698,2.1027284
40,42,0.8882871,20.97933,2.0754006
40,43,0.8707538,21.492813,2.087922
40,44,0.90073127,20.51087,2.0395567
40,45,0.9125926,19.681145,1.9923368
40,46,0.886804,21.02192,2.0933762
40,47,0.89619225,20.667599,2.0455127
40,48,0.8849355,21.096464,2.092348
40,49,0.9123671,19.735516,1.9950328
40,50,0.9022033,20.427723,2.0392094
40,51,0.8784507,21.252218,2.1052191
40,52,0.88420886,21.125673,2.0928926
40,53,0.88344485,21.17736,2.1011748
40,54,0.9068579,20.165611,2.0321524
40,55,0.8989108,20.570593,2.0625837
40,56,0.8758189,21.401838,2.0987942
40,57,0.89559865,20.74129,2.0702672
40,58,0.9064086,20.176905,2.02585
40,59,0.9090643,20.089262,2.0210948
40,60,0.8943223,20.774889,2.0728967
40,61,0.88916826,20.963787,2.0909753
40,62,0.90244323,20.412666,2.0340898
40,63,0.90640146,20.236311,2.044601
40,64,0.8777349,21.277527,2.0924873
40,65,0.90166414,20.484163,2.0430355
40,66,0.8881919,20.9873,2.0849428
40,67,0.9114999,19.911331,2.0089035
40,68,0.88792497,21.017302,2.0925014
40,69,0.879279,21.24107,2.1043468
40,70,0.912012,19.786757,1.9964795
40,71,0.8953583,20.760752,2.0761907
40,72,0.8980706,20.651794,2.0669525
40,73,0.896529,20.66735,2.0633883
40,74,0.8900642,20.916632,2.0807266
40,75,0.88597727,21.077639,2.0917995
40,76,0.8997101,20.539978,2.060809
40,77,0.87118286,21.484434,2.0894861
40,78,0.90815246,20.10804,2.0253413
40,79,0.88795394,20.997358,2.091181
40,80,0.89317614,20.813808,2.0820248
40,81,0.90505034,20.280077,2.0333235
40,82,0.8954902,20.756916,2.0618355
40,83,0.90318006,20.402328,2.049253
40,84,0.90341794,20.313644,2.0258448
40,85,0.9123979,19.726358,1.9953903
40,86,0.88666403,21.06339,2.0897448
40,87,0.91286814,19.669985,1.9959294
40,88,0.9076323,20.147547,2.0284505
40,89,0.8980927,20.621475,2.0478904
40,90,0.8921983,20.845509,2.07636
50,0,0.87106526,21.508305,2.0869954
50,1,0.91399133,19.635191,1.9913622
50,2,0.8749556,21.475697,2.101337
50,3,0.87118286,21.484434,2.0894861
50,4,0.91088533,20.01423,2.018783
50,5,0.9128388,19.820532,1.9999735
50,6,0.8945999,20.82667,2.0735178
50,7,0.8767573,21.383928,2.0946157
50,8,0.89575964,20.802483,2.0481873
50,9,0.9129775,19.72509,1.998727
50,10,0.90945095,20.119577,2.0245745
50,11,0.8884483,21.03054,2.0920396
50,12,0.9109896,19.93311,2.008115
50,13,0.8784668,21.301092,2.1005466
50,14,0.9103798,20.073786,2.0226529
50,15,0.8939831,20.87856,2.0742674
50,16,0.8896817,21.014711,2.0755432
50,17,0.8776821,21.33773,2.0925083
50,18,0.9136587,19.684921,1.995469
50,19,0.9118518,19.854975,2.0038693
50,20,0.8797645,21.28782,2.1004708
50,21,0.88125765,21.226948,2.1007154
50,22,0.90339905,20.455904,2.0426261
50,23,0.9116697,19.917778,2.010907
50,24,0.87620467,21.410707,2.0983474
50,25,0.90989393,20.074953,2.0181031
50,26,0.90870726,20.140547,2.018755
50,27,0.902331,20.497292,2.0591748
50,28,0.9035169,20.393486,2.0351238
50,29,0.87606734,21.440578,2.1005332
50,30,0.880894,21.244524,2.0929382
50,31,0.9004443,20.586983,2.0598304
50,32,0.89632094,20.78085,2.0626929
50,33,0.91234595,19.851645,2.0034466
50,34,0.90526205,20.315317,2.0478778
50,35,0.8921564,20.914919,2.0918841
50,36,0.88219666,21.21101,2.1033847
50,37,0.8978838,20.706509,2.0727887
50,38,0.8983698,20.680187,2.0590076
50,39,0.8875076,21.069906,2.0941515
50,40,0.8971351,20.73305,2.071919
50,41,0.8868517,21.08819,2.0884678
50,42,0.9133148,19.723381,1.9996561
50,43,0.87991697,21.250751,2.0971375
50,44,0.890174,21.00446,2.0847652
50,45,0.906216,20.299257,2.0457723
50,46,0.9029146,20.461851,2.055919
50,47,0.8904603,20.981092,2.0884583
50,48,0.9043244,20.373451,2.0518038
50,49,0.91379714,19.64665,1.9917508
50,50,0.9084087,20.157784,2.0275285
50,51,0.8929725,20.90029,2.0749364
50,52,0.8986279,20.664295,2.0578966
50,53,0.8852711,21.148613,2.0968633
50,54,0.88595533,21.123636,2.0672052
50,55,0.9069438,20.207592,2.0294883
50,56,0.8914813,20.931087,2.0822694
50,57,0.908296,20.186666,2.0261133
50,58,0.8975049,20.717167,2.0776877
50,59,0.8911678,20.95749,2.0929155
50,60,0.8781965,21.327042,2.1043968
50,61,0.9058334,20.307928,2.036996
50,62,0.89903015,20.645205,2.075186
50,63,0.90097284,20.509167,2.0526364
50,64,0.9075056,20.192293,2.0280013
50,65,0.8994816,20.625076,2.0702791
50,66,0.88781273,21.04646,2.0834603
50,67,0.9049623,20.346094,2.0381455
50,68,0.88436383,21.167006,2.0990808
50,69,0.8936045,20.884909,2.0662014
50,70,0.9007945,20.516933,2.0535383
50,71,0.89681876,20.75961,2.0802236
50,72,0.8840962,21.1719,2.0988593
50,73,0.9005579,20.554823,2.0474234
50,74,0.9017314,20.503614,2.0481074
50,75,0.9007634,20.55126,2.0573997
50,76,0.89970994,20.596489,2.0664496
50,77,0.88344485,21.17736,2.1011748
50,78,0.87512654,21.445986,2.0986326
50,79,0.90474856,20.36137,2.0507424
50,80,0.8918036,20.925385,2.0653298
50,81,0.88248855,21.20499,2.10306
50,82,0.9112777,19.91905,2.0077238
50,83,0.88641864,21.101467,2.0953996
50,84,0.87980485,21.266142,2.0979898
50,85,0.9068805,20.225185,2.0270822
50,86,0.89659977,20.7609,2.056148
50,87,0.893175,20.89539,2.043318
50,88,0.8859652,21.117344,2.0971375
50,89,0.90628564,20.261896,2.0363915
50,90,0.90382427,20.38624,2.0556197
50,91,0.9077292,20.187756,2.030491
50,92,0.8993867,20.642912,2.064434
50,93,0.9065077,20.246134,2.0343766
50,94,0.89964277,20.600126,2.0667496
50,95,0.8830516,21.203234,2.0944407
50,96,0.9068028,20.244596,2.0342796
50,97,0.8751261,21.447319,2.098705
50,98,0.8876015,21.046976,2.0946546
50,99,0.8849479,21.15661,2.0934947
60,0,0.869363,21.53228,2.0845702
60,1,0.914054,19.66264,1.9959911
60,2,0.87109745,21.528471,2.0888991
60,3,0.9138954,19.81196,1.9996514
60,4,0.87475395,21.516163,2.094648
60,5,0.9125329,19.94552,2.009866
60,6,0.91100454,20.044203,2.018205
60,7,0.88199437,21.279882,2.10278
60,8,0.91296756,19.875029,2.0050843
60,9,0.9054824,20.347029,2.033158
60,10,0.87659645,21.414238,2.0975432
60,11,0.8804196,21.28836,2.0998328
60,12,0.9115619,20.009,2.0147138
60,13,0.9103879,20.097273,2.0177221
60,14,0.9117064,19.966837,2.0131404
60,15,0.90490085,20.385557,2.0382483
60,16,0.8859823,21.157824,2.0678139
60,17,0.87810093,21.411024,2.1044002
60,18,0.87872946,21.379108,2.1072083
60,19,0.8889904,21.048105,2.0985768
60,20,0.89181495,20.965485,2.059808
60,21,0.904015,20.438255,2.0439484
60,22,0.8878041,21.118332,2.0975492
60,23,0.8849488,21.18986,2.0925465
60,24,0.9034902,20.47,2.0503707
60,25,0.9090285,20.141506,2.0269616
60,26,0.90623784,20.314955,2.0302496
60,27,0.90885675,20.174105,2.0276198
60,28,0.88862765,21.105295,2.0708194
60,29,0.8911901,20.992,2.0725365
60,30,0.91331995,19.851254,2.0040245
60,31,0.8975321,20.750885,2.0754032
60,32,0.9028292,20.516758,2.054935
60,33,0.9032081,20.486889,2.0548682
60,34,0.89651066,20.783998,2.0751083
60,35,0.88427204,21.203556,2.0859268
60,36,0.8789217,21.335669,2.1060326
60,37,0.90114117,20.569057,2.0590796
60,38,0.886937,21.12588,2.0960467
60,39,0.9083803,20.195782,2.0307348
60,40,0.8952525,20.834541,2.057901
60,41,0.8899079,21.019882,2.081791
60,42,0.89571226,20.807442,2.049216
60,43,0.88228524,21.23589,2.0960014
60,44,0.87979233,21.298119,2.0905647
60,45,0.8760213,21.443892,2.099488
60,46,0.90229416,20.523556,2.0576487
60,47,0.893175,20.89539,2.043318
60,48,0.8928468,20.9356,2.0754702
60,49,0.907055,20.2724,2.0454254
60,50,0.87542033,21.478874,2.1000214
60,51,0.9094877,20.118887,2.0247147
60,52,0.8950906,20.849638,2.0750656
60,53,0.90196747,20.545979,2.0576158
60,54,0.9001002,20.597399,2.0628362
60,55,0.90802914,20.207994,2.0281422
60,56,0.897686,20.720638,2.06945
60,57,0.9068724,20.29766,2.03423
60,58,0.8784526,21.403694,2.1034732
60,59,0.90174294,20.561731,2.058049
60,60,0.8904095,21.008904,2.050608
60,61,0.9044763,20.400993,2.0509288
60,62,0.875082,21.489895,2.097992
60,63,0.8961634,20.805075,2.0789933
60,64,0.9042983,20.4176,2.0422807
60,65,0.8793272,21.309202,2.100659
60,66,0.89213836,20.944374,2.0655982
60,67,0.88667935,21.14049,2.0937693
60,68,0.87606734,21.440578,2.1005332
60,69,0.88337433,21.205315,2.093983
60,70,0.9007044,20.587671,2.0376189
60,71,0.8892869,21.029995,2.0811546
60,72,0.8829729,21.215849,2.0892563
60,73,0.89079565,20.999414,2.0507257
60,74,0.88232213,21.226145,2.0967042
60,75,0.8993635,20.65752,2.0751557
60,76,0.8885154,21.105875,2.0632637
60,77,0.89983827,20.628057,2.0557902
60,78,0.8862099,21.149242,2.0931036
60,79,0.89460325,20.86888,2.0738614
60,80,0.90655917,20.310608,2.0301578
60,81,0.89964753,20.647274,2.0639274
60,82,0.87911713,21.325872,2.1061957
60,83,0.884826,21.193197,2.0880103
60,84,0.8940559,20.890753,2.0647244
60,85,0.8748095,21.512936,2.0942175
60,86,0.89425474,20.884933,2.0587766
60,87,0.8986279,20.664295,2.0578966
60,88,0.8984484,20.684614,2.0725558
60,89,0.8978838,20.706509,2.0727887
60,90,0.910031,20.108578,2.0215964
60,91,0.8968579,20.761024,2.058711
60,92,0.91345173,19.819208,2.0008962
60,93,0.9075958,20.223566,2.028709
60,94,0.89890605,20.66392,2.0503078
60,95,0.896857,20.761076,2.0587146
60,96,0.9072871,20.24553,2.0382774
60,97,0.9072012,20.24771,2.0427864
60,98,0.9003741,20.589249,2.0399842
60,99,0.90756047,20.226112,2.0289733
70,0,0.8713742,21.536915,2.0893562
70,1,0.91448605,19.771294,1.9957335
70,2,0.91403705,19.807789,1.9993497
70,3,0.8721752,21.522678,2.0863018
70,4,0.87680733,21.468554,2.0989518
70,5,0.8736932,21.519878,2.0903635
70,6,0.91365343,19.874912,2.0041764
70,7,0.8800591,21.350489,2.105746
70,8,0.90489227,20.399143,2.05064
70,9,0.8986237,20.743063,2.0636659
70,10,0.9021063,20.552753,2.059478
70,11,0.89189637,21.003426,2.064427
70,12,0.89258385,20.96601,2.0765998
70,13,0.8810921,21.318758,2.0973318
70,14,0.905598,20.36747,2.0383132
70,15,0.8747557,21.516768,2.0947208
70,16,0.8776756,21.429268,2.10314
70,17,0.87622494,21.481768,2.091765
70,18,0.90813076,20.24153,2.0383396
70,19,0.9074434,20.27433,2.0365016
70,20,0.89934915,20.718254,2.0633245
70,21,0.8886663,21.12185,2.0833812
70,22,0.8860284,21.194286,2.096164
70,23,0.90195596,20.5882,2.069394
70,24,0.91124004,20.060162,2.0147216
70,25,0.91334975,19.887453,2.005014
70,26,0.90655917,20.310608,2.0301578
70,27,0.88137954,21.313005,2.092192
70,28,0.9129852,19.924112,2.0097091
70,29,0.90285593,20.531418,2.0581741
70,30,0.89108765,21.023659,2.0579176
70,31,0.8850485,21.212973,2.0748322
70,32,0.912331,19.977985,2.0146177
70,33,0.8874158,21.122702,2.09713
70,34,0.8957982,20.852646,2.0550299
70,35,0.8964782,20.84087,2.0523036
70,36,0.8997307,20.708296,2.063158
70,37,0.9005883,20.635117,2.0587778
70,38,0.8792223,21.380535,2.101796
70,39,0.90402466,20.452885,2.046373
70,40,0.8967088,20.817932,2.0657752
70,41,0.883406,21.26766,2.0956507
70,42,0.89730495,20.786577,2.062154
70,43,0.9038467,20.482014,2.0533402
70,44,0.8828907,21.268364,2.093461
70,45,0.906142,20.337378,2.0479393
70,46,0.901053,20.615446,2.0585306
70,47,0.8929759,20.955957,2.0740657
70,48,0.8954051,20.869682,2.0678203
70,49,0.8841922,21.253048,2.086847
70,50,0.8784526,21.403694,2.1034732
70,51,0.87968403,21.368097,2.1066487
70,52,0.9012814,20.59715,2.0586963
70,53,0.9032081,20.486889,2.0548682
70,54,0.9096732,20.152142,2.0284896
70,55,0.88199437,21.279882,2.10278
70,56,0.91252303,19.946602,2.0098872
70,57,0.9120385,20.000772,2.0151267
70,58,0.8777767,21.423994,2.1029227
70,59,0.9002534,20.653294,2.05698
70,60,0.9044243,20.425425,2.052963
70,61,0.8934933,20.937807,2.0565388
70,62,0.91083175,20.08155,2.0265138
70,63,0.89715874,20.799488,2.063508
70,64,0.88693726,21.165386,2.0956748
70,65,0.8906063,21.051313,2.074429
70,66,0.87871975,21.398249,2.097495
70,67,0.8887631,21.098318,2.072492
70,68,0.87546295,21.497257,2.0958023
70,69,0.91037494,20.098385,2.0179214
70,70,0.89798397,20.765614,2.0619502
70,71,0.8950081,20.885666,2.0832675
70,72,0.89146847,21.012505,2.063525
70,73,0.90595335,20.352169,2.042248
70,74,0.9072249,20.305895,2.0369155
70,75,0.89975095,20.663935,2.0765045
70,76,0.9089678,20.188128,2.0286717
70,77,0.89409566,20.912535,2.0717468
70,78,0.8980234,20.761765,2.0601726
70,79,0.91146547,20.0294,2.0160172
70,80,0.87536347,21.50081,2.0958257
70,81,0.882055,21.278774,2.102808
70,82,0.9144389,19.778921,1.9971662
70,83,0.8902011,21.065624,2.0909462
70,84,0.8897146,21.070744,2.0707183
70,85,0.9098531,20.115177,2.0209384
70,86,0.8864869,21.184526,2.0886316
70,87,0.90928614,20.181742,2.0313838
70,88,0.9094282,20.16139,2.0290453
70,89,0.888837,21.074303,2.0675728
70,90,0.88730365,21.139198,2.0967314
70,91,0.9042472,20.429117,2.0537026
70,92,0.89474875,20.906252,2.0687108
70,93,0.8845312,21.232784,2.085474
70,94,0.9127363,19.93679,2.0062196
70,95,0.88713974,21.155903,2.0821846
70,96,0.8849119,21.22264,2.0981123
70,97,0.9073085,20.28956,2.0408652
70,98,0.88925123,21.073313,2.0942605
70,99,0.90877473,20.21197,2.0335915
80,0,0.9148925,19.76114,1.9943266
80,1,0.8703216,21.556675,2.0774753
80,2,0.91456306,19.844336,2.000193
80,3,0.91270304,20.000288,2.010859
80,4,0.8761238,21.515173,2.0979598
80,5,0.9129852,19.924112,2.0097091
80,6,0.8910579,21.055708,2.0743585
80,7,0.87200844,21.540943,2.0936263
80,8,0.8747557,21.516768,2.0947208
80,9,0.91471994,19.772114,1.9954392
80,10,0.8841082,21.281637,2.0982137
80,11,0.890058,21.085722,2.0538867
80,12,0.9043993,20.46731,2.0545654
80,13,0.88182646,21.324368,2.0973501
80,14,0.8854233,21.250269,2.0929978
80,15,0.91150606,20.073107,2.019049
80,16,0.8845757,21.254065,2.0827563
80,17,0.89504534,20.916615,2.0689442
80,18,0.905158,20.412193,2.0498915
80,19,0.8725154,21.540428,2.0974312
80,20,0.9002534,20.653294,2.05698
80,21,0.8942383,20.932125,2.0767195
80,22,0.90402895,20.498669,2.0519948
80,23,0.9104493,20.098452,2.0184834
80,24,0.9117663,20.032038,2.016974
80,25,0.89196676,21.04387,2.064012
80,26,0.8810734,21.334236,2.1040812
80,27,0.89833015,20.761263,2.0622537
80,28,0.8978037,20.78737,2.0609627
80,29,0.9136122,19.914812,2.0090888
80,30,0.88585335,21.220148,2.097947
80,31,0.8767197,21.471624,2.1000361
80,32,0.9103394,20.13911,2.021542
80,33,0.9012293,20.589104,2.0622826
80,34,0.89745224,20.802092,2.0643816
80,35,0.88900244,21.110123,2.0813274
80,36,0.8934692,20.962606,2.0646281
80,37,0.88349396,21.30098,2.1002634
80,38,0.90285593,20.531418,2.0581741
80,39,0.9119494,20.012106,2.0114982
80,40,0.88747853,21.17002,2.0721397
80,41,0.9067826,20.331486,2.039218
80,42,0.895287,20.890467,2.0576367
80,43,0.8736072,21.522524,2.090216
80,44,0.9110965,20.089703,2.0238395
80,45,0.9142214,19.888336,2.0034766
80,46,0.902592,20.571041,2.0582547
80,47,0.8898714,21.098164,2.055084
80,48,0.90824145,20.26936,2.0365498
80,49,0.8827815,21.316122,2.099415
80,50,0.8986237,20.743063,2.0636659
80,51,0.8993251,20.737562,2.0644083
80,52,0.90106016,20.622938,2.059052
80,53,0.9076666,20.277912,2.0345848
80,54,0.880247,21.33828,2.1055436
80,55,0.8862262,21.208406,2.077543
80,56,0.89388436,20.950932,2.081374
80,57,0.89314723,20.992027,2.0629022
80,58,0.8922726,21.026703,2.0633461
80,59,0.89551485,20.866764,2.0525317
80,60,0.8889224,21.131922,2.0837352
80,61,0.8784526,21.403694,2.1034732
80,62,0.9087493,20.21522,2.034125
80,63,0.9101784,20.161667,2.029547
80,64,0.87914675,21.398794,2.1069965
80,65,0.9058966,20.38536,2.048425
80,66,0.89696556,20.826622,2.052719
80,67,0.9072089,20.306541,2.0369878
80,68,0.9097214,20.173746,2.030193
80,69,0.87798655,21.411728,2.1004884
80,70,0.8997549,20.685078,2.0748522
80,71,0.9019595,20.584972,2.058311
80,72,0.87968403,21.368097,2.1066487
80,73,0.88655406,21.177849,2.0943308
80,74,0.8801171,21.35792,2.0992818
80,75,0.8794938,21.38695,2.1009624
80,76,0.87370324,21.520174,2.0903456
80,77,0.90020233,20.670967,2.0610166
80,78,0.9140622,19.891457,2.0036929
80,79,0.89236695,20.99878,2.0724103
80,80,0.8961877,20.866302,2.075518
80,81,0.8883011,21.141619,2.0809033
80,82,0.9083421,20.238686,2.0365815
80,83,0.9060815,20.374273,2.0435085
80,84,0.909189,20.19841,2.0318594
80,85,0.9074694,20.301125,2.0417542
80,86,0.87702143,21.439394,2.095915
80,87,0.887536,21.147957,2.0846288
80,88,0.90474457,20.43976,2.0500813
80,89,0.90643257,20.357023,2.041236
80,90,0.88287115,21.301939,2.089375
80,91,0.8864918,21.18425,2.0947883
80,92,0.8996016,20.719353,2.0626583
80,93,0.9033947,20.5071,2.055908
80,94,0.90499604,20.431942,2.0482824
80,95,0.9010624,20.622843,2.0590608
80,96,0.9086798,20.237448,2.030605
80,97,0.9065157,20.347708,2.0450826
80,98,0.9024309,20.58149,2.060005
80,99,0.8927281,20.994078,2.0555484
90,0,0.8710583,21.585175,2.0838888
90,1,0.9148925,19.76114,1.9943266
90,2,0.8739417,21.555582,2.0916026
90,3,0.8914914,21.07712,2.0726693
90,4,0.88743335,21.206419,2.0743177
90,5,0.8803623,21.358355,2.103446
90,6,0.8794938,21.38695,2.1009624
90,7,0.9119971,20.046967,2.0174894
90,8,0.9000181,20.698025,2.060749
90,9,0.8900995,21.102448,2.0759382
90,10,0.9134833,19.940615,2.008369
90,11,0.91270304,20.000288,2.010859
90,12,0.8769955,21.460163,2.0956454
90,13,0.8810734,21.334236,2.1040812
90,14,0.8883001,21.160297,2.0788703
90,15,0.89930093,20.73865,2.0645165
90,16,0.91284734,19.979221,2.0081942
90,17,0.8845948,21.254725,2.0826051
90,18,0.9147111,19.834045,1.9999782
90,19,0.9059694,20.402477,2.0496728
90,20,0.9083751,20.271976,2.0302215
90,21,0.9022835,20.588783,2.0520089
90,22,0.9077216,20.29351,2.0388432
90,23,0.9016018,20.6218,2.0513237
90,24,0.90691245,20.339197,2.044527
90,25,0.89196676,21.04387,2.064012
90,26,0.91471994,19.772114,1.9954392
90,27,0.90723115,20.309027,2.039541
90,28,0.91048795,20.148565,2.0280833
90,29,0.8842567,21.279884,2.0957813
90,30,0.9145186,19.852848,2.0009658
90,31,0.87502354,21.535881,2.0959084
90,32,0.87871933,21.40786,2.1060576
90,33,0.9035497,20.52768,2.0566266
90,34,0.8928922,21.02424,2.0727038
90,35,0.8956331,20.879473,2.0578463
90,36,0.87778795,21.4374,2.0993168
90,37,0.8862262,21.208406,2.077543
90,38,0.87610066,21.515957,2.0978613
90,39,0.9051655,20.448456,2.0536308
90,40,0.9108623,20.12044,2.0257125
90,41,0.885588,21.244715,2.0781622
90,42,0.88182646,21.324368,2.0973501
90,43,0.91422385,19.888103,2.0036373
90,44,0.9138425,19.916918,2.0062082
90,45,0.875556,21.524958,2.0950744
90,46,0.8744212,21.551376,2.093003
90,47,0.90886474,20.253502,2.0315678
90,48,0.9064225,20.377596,2.0445745
90,49,0.8938777,20.982687,2.0595944
90,50,0.9046129,20.474398,2.0549233
90,51,0.89760035,20.806858,2.0703526
90,52,0.88361675,21.289639,2.0994482
90,53,0.90527326,20.418451,2.0495276
90,54,0.88333553,21.303785,2.0988357
90,55,0.9094176,20.194569,2.0325503
90,56,0.888719,21.134922,2.0749876
90,57,0.9065184,20.361874,2.0462217
90,58,0.9089333,20.230669,2.029312
90,59,0.8922651,21.028547,2.0638256
90,60,0.8827815,21.316122,2.099415
90,61,0.9031385,20.551302,2.0590684
90,62,0.87671995,21.490904,2.1012354
90,63,0.90985316,20.176262,2.0308173
90,64,0.9116187,20.06895,2.0183182
90,65,0.90926623,20.212011,2.022162
90,66,0.90262246,20.579432,2.058547
90,67,0.8961877,20.866302,2.075518
90,68,0.87847835,21.417244,2.1017654
90,69,0.8981646,20.783186,2.0654624
90,70,0.90063715,20.682823,2.0585477
90,71,0.91016626,20.16934,2.0288022
90,72,0.8969525,20.811293,2.0768712
90,73,0.9043548,20.484539,2.0568616
90,74,0.89663976,20.865364,2.0739791
90,75,0.87643623,21.494225,2.0966582
90,76,0.9029045,20.558382,2.0543287
90,77,0.8779485,21.431652,2.0971684
90,78,0.89490044,20.930403,2.0832934
90,79,0.88230336,21.318863,2.0981874
90,80,0.89910805,20.753794,2.0591166
90,81,0.89443314,20.95626,2.0594862
90,82,0.89799273,20.79179,2.065067
90,83,0.90080154,20.644278,2.072271
90,84,0.88913614,21.124422,2.0831091
90,85,0.9006735,20.670837,2.057666
90,86,0.8946454,20.941345,2.059037
90,87,0.90397584,20.513216,2.0563993
90,88,0.9139282,19.893917,2.0042229
90,89,0.8987178,20.766836,2.0611026
90,90,0.8895662,21.107126,2.0628738
90,91,0.8933864,21.004316,2.0810494
90,92,0.8883954,21.152739,2.0833075
90,93,0.89556265,20.908678,2.0791962
90,94,0.8934173,21.00283,2.0809338
90,95,0.9011092,20.623674,2.057664
90,96,0.895426,20.925026,2.0795622
90,97,0.91095734,20.101292,2.0195663
90,98,0.89665264,20.834751,2.0538707
90,99,0.88575995,21.236519,2.08867
100,0,0.87099886,21.599665,2.0847952
100,1,0.9152138,19.768423,1.9941981
100,2,0.8735632,21.593283,2.0948188
100,3,0.8773836,21.491732,2.1035984
100,4,0.8710468,21.59629,2.0849702
100,5,0.87610066,21.515957,2.0978613
100,6,0.9147111,19.834045,1.9999782
100,7,0.9051655,20.448456,2.0536308
100,8,0.89626735,20.872955,2.0706096
100,9,0.886669,21.223774,2.0792177
100,10,0.90442896,20.506264,2.0541005
100,11,0.90653265,20.37469,2.0434928
100,12,0.8875661,21.190805,2.0817354
100,13,0.91424996,19.887053,2.0035813
100,14,0.88412917,21.295126,2.081334
100,15,0.90481085,20.485474,2.0532646
100,16,0.8955442,20.900824,2.0545466
100,17,0.91516274,19.815159,1.9986583
100,18,0.8781542,21.446665,2.0976791
100,19,0.91016626,20.16934,2.0288022
100,20,0.90691245,20.339197,2.044527
100,21,0.8829866,21.322367,2.0996919
100,22,0.88037914,21.35958,2.103572
100,23,0.9130501,19.978119,2.0092113
100,24,0.89399403,20.988129,2.0623949
100,25,0.8797692,21.38275,2.0927694
100,26,0.885588,21.244715,2.0781622
100,27,0.8739272,21.56243,2.0923429
100,28,0.9035497,20.52768,2.0566266
100,29,0.9093573,20.234383,2.0357728
100,30,0.8775871,21.46206,2.100619
100,31,0.90786356,20.272284,2.0452182
100,32,0.91255546,20.028452,2.0169065
100,33,0.9011809,20.632277,2.071587
100,34,0.88850206,21.166122,2.0768478
100,35,0.88333553,21.303785,2.0988357
100,36,0.8991095,20.73134,2.0621767
100,37,0.90761304,20.309729,2.0401814
100,38,0.8945751,20.98003,2.060035
100,39,0.88476837,21.271732,2.0783522
100,40,0.90099365,20.668205,2.0607128
100,41,0.89150816,21.092758,2.074371
100,42,0.88114244,21.357336,2.0994797
100,43,0.8978061,20.803566,2.0662215
100,44,0.90886474,20.253502,2.0315678
100,45,0.8973791,20.826138,2.0525413
100,46,0.9110167,20.10449,2.021197
100,47,0.89195925,21.063982,2.0658557
100,48,0.8795951,21.406849,2.1014824
100,49,0.91138065,20.08018,2.0222754
100,50,0.9061119,20.399826,2.0446842
100,51,0.8744212,21.551376,2.093003
100,52,0.8863615,21.236076,2.0798857
100,53,0.87543154,21.523088,2.095326
100,54,0.8905167,21.106619,2.0772877
100,55,0.90254974,20.557163,2.0554676
100,56,0.91364354,19.962763,2.0089579
100,57,0.8880016,21.185682,2.0701852
100,58,0.9058324,20.429838,2.0505524
100,59,0.88182646,21.324368,2.0973501
100,60,0.8786007,21.418224,2.1023834
100,61,0.898839,20.74435,2.0661983
100,62,0.8896978,21.134127,2.0783198
100,63,0.8968762,20.859394,2.0716677
100,64,0.89004105,21.122828,2.0771644
100,65,0.90993834,20.197943,2.028777
100,66,0.9105185,20.138094,2.027871
100,67,0.8851837,21.265278,2.0802257
100,68,0.8946454,20.941345,2.059037
100,69,0.90961117,20.20743,2.0333622
100,70,0.9085346,20.271877,2.0383291
100,71,0.9139282,19.893917,2.0042229
100,72,0.9022962,20.58772,2.050795
100,73,0.895426,20.925026,2.0795622
100,74,0.9074303,20.32836,2.041305
100,75,0.8911717,21.104212,2.0718753
100,76,0.89273584,21.03175,2.0649471
100,77,0.8970511,20.843811,2.0529833
100,78,0.89346695,21.014717,2.0601983
100,79,0.89982736,20.71103,2.0586467
100,80,0.87895167,21.41684,2.103432
100,81,0.8922607,21.055948,2.0636785
100,82,0.9028999,20.548431,2.0534878
100,83,0.91226643,20.046177,2.0167732
100,84,0.8982336,20.78968,2.0686023
100,85,0.89865446,20.774885,2.0602396
100,86,0.90063715,20.682823,2.0585477
100,87,0.8951012,20.94108,2.082648
100,88,0.8814627,21.331951,2.0999043
100,89,0.90335464,20.538778,2.056805
100,90,0.8934144,21.017963,2.0639107
100,91,0.88904816,21.143421,2.0785687
100,92,0.9138203,19.929193,2.0036578
100,93,0.8890211,21.152964,2.0755339
100,94,0.9119073,20.073452,2.0202441
100,95,0.90162337,20.618776,2.071324
100,96,0.89268976,21.04206,2.0647538
100,97,0.91207963,20.06477,2.0198958
100,98,0.9060414,20.421507,2.0445116
100,99,0.9137658,19.933529,2.0081072
110,0,0.9152563,19.767172,1.9941944
110,1,0.87063164,21.60286,2.0836444
110,2,0.8804788,21.369627,2.0942848
110,3,0.8710468,21.59629,2.0849702
110,4,0.8849272,21.28456,2.0785942
110,5,0.913354,19.99714,2.0136108
110,6,0.87327254,21.594755,2.0944262
110,7,0.88609725,21.252584,2.0956473
110,8,0.8970949,20.867832,2.0608242
110,9,0.89405334,21.009531,2.0629168
110,10,0.8820697,21.357832,2.102415
110,11,0.88395095,21.316742,2.0987008
110,12,0.8980528,20.829588,2.0584462
110,13,0.9051655,20.448456,2.0536308
110,14,0.87796164,21.464249,2.0922077
110,15,0.91086805,20.13528,2.0209954
110,16,0.90505767,20.474268,2.049403
110,17,0.89084864,21.119226,2.0782402
110,18,0.8983101,20.801605,2.0651019
110,19,0.9077264,20.314085,2.0302503
110,20,0.87642217,21.521809,2.0996957
110,21,0.90442896,20.506264,2.0541005
110,22,0.8771172,21.507269,2.1007962
110,23,0.91442394,19.880228,2.0037577
110,24,0.91043067,20.177061,2.026428
110,25,0.8754441,21.522732,2.0952952
110,26,0.8931145,21.04308,2.06508
110,27,0.9082743,20.288446,2.0399456
110,28,0.91516274,19.815159,1.9986583
110,29,0.9067397,20.380405,2.0460234
110,30,0.87959063,21.4087,2.1037624
110,31,0.8987857,20.75821,2.0646143
110,32,0.8776435,21.49168,2.1020508
110,33,0.88688415,21.217684,2.098525
110,34,0.9001632,20.695034,2.0658505
110,35,0.89152426,21.09596,2.0746894
110,36,0.88000816,21.39227,2.0982285
110,37,0.9014029,20.63887,2.0568385
110,38,0.90284616,20.554571,2.0512657
110,39,0.91402245,19.90531,2.0060875
110,40,0.8749178,21.539812,2.0953238
110,41,0.88431954,21.292627,2.0822985
110,42,0.9127636,20.036407,2.0157974
110,43,0.90746516,20.339695,2.0410883
110,44,0.9070717,20.358585,2.0435452
110,45,0.87921643,21.43842,2.1001906
110,46,0.90597844,20.421043,2.0488915
110,47,0.90099365,20.668205,2.0607128
110,48,0.9118144,20.089014,2.0184054
110,49,0.8875917,21.211063,2.0803297
110,50,0.9138203,19.929193,2.0036578
110,51,0.8864782,21.242544,2.0810022
110,52,0.89684874,20.883726,2.0581596
110,53,0.89982736,20.720015,2.05929
110,54,0.8994356,20.731728,2.043148
110,55,0.8919871,21.066586,2.0658588
110,56,0.9089877,20.259245,2.036373
110,57,0.882897,21.330702,2.0979292
110,58,0.87394714,21.57387,2.093586
110,59,0.9063271,20.406773,2.047745
110,60,0.8926341,21.051294,2.0651429
110,61,0.8960949,20.91068,2.0608115
110,62,0.90087205,20.687115,2.0636299
110,63,0.8949392,20.952583,2.0617697
110,64,0.8964329,20.907421,2.0608356
110,65,0.90961117,20.20743,2.0333622
110,66,0.90343523,20.540411,2.0569172
110,67,0.91166276,20.115248,2.0250466
110,68,0.89562774,20.936298,2.0626113
110,69,0.90259147,20.579552,2.0534277
110,70,0.88236994,21.34984,2.0972614
110,71,0.8943155,20.992271,2.0607414
110,72,0.8989483,20.749468,2.0483744
110,73,0.88943964,21.157915,2.074649
110,74,0.9112711,20.123375,2.0208685
110,75,0.9093573,20.234383,2.0357728
110,76,0.888634,21.173964,2.0767348
110,77,0.8790431,21.45899,2.1024468
110,78,0.91364354,19.962763,2.0089579
110,79,0.915144,19.844538,2.0020466
110,80,0.9152138,19.768423,1.9941981
110,81,0.8900243,21.120861,2.0760045
110,82,0.91269857,20.042091,2.0162125
110,83,0.8887385,21.166231,2.0771313
110,84,0.8735632,21.593283,2.0948188
110,85,0.9022962,20.58772,2.050795
110,86,0.8918214,21.083433,2.0724196
110,87,0.8883339,21.201687,2.0821297
110,88,0.9120934,20.058746,2.0177963
110,89,0.8746844,21.564148,2.0957253
110,90,0.8897182,21.153437,2.0813088
110,91,0.9036852,20.531858,2.0550795
110,92,0.90162337,20.618776,2.071324
110,93,0.88984114,21.128351,2.0780923
110,94,0.89547294,20.941307,2.062151
110,95,0.9100357,20.192244,2.0323236
110,96,0.9148286,19.858177,2.0018952
110,97,0.90190595,20.599909,2.0604289
110,98,0.91207963,20.06477,2.0198958
110,99,0.913686,19.958754,2.008949
120,0,0.91559553,19.808662,1.9995683
120,1,0.87300956,21.618946,2.0931957
120,2,0.89531326,20.958353,2.0662603
120,3,0.89465463,21.008648,2.0609293
120,4,0.9146703,19.930883,2.0067265
120,5,0.9006067,20.702154,2.0646436
120,6,0.885614,21.257172,2.0978827
120,7,0.87847066,21.481234,2.100854
120,8,0.9088356,20.267714,2.0372179
120,9,0.9127636,20.036407,2.0157974
120,10,0.9113494,20.133148,2.0236785
120,11,0.8758211,21.570568,2.1027956
120,12,0.8767727,21.525381,2.102016
120,13,0.90746516,20.339695,2.0410883
120,14,0.9081233,20.314795,2.0394742
120,15,0.8762153,21.558239,2.102201
120,16,0.9011819,20.668756,2.050641
120,17,0.8776864,21.498102,2.1050375
120,18,0.9100357,20.192244,2.0323236
120,19,0.91252124,20.06743,2.0197692
120,20,0.87471247,21.58415,2.0894983
120,21,0.9072237,20.363997,2.046978
120,22,0.90663123,20.38587,2.043711
120,23,0.8883761,21.218918,2.0826924
120,24,0.9026886,20.586805,2.0636585
120,25,0.880825,21.408232,2.1039326
120,26,0.90845567,20.294928,2.0354273
120,27,0.90963656,20.226353,2.0320706
120,28,0.88652277,21.255781,2.081701
120,29,0.9095959,20.250181,2.032473
120,30,0.9118571,20.100163,2.0250478
120,31,0.9134542,20.01553,2.0127425
120,32,0.8887136,21.196413,2.0808556
120,33,0.90501386,20.493673,2.0545356
120,34,0.8849272,21.28456,2.0785942
120,35,0.88254136,21.346758,2.0998688
120,36,0.8888357,21.166708,2.0751667
120,37,0.89199,21.084272,2.0737116
120,38,0.8816848,21.380949,2.1008277
120,39,0.91086,20.148859,2.0227797
120,40,0.8771172,21.507269,2.1007962
120,41,0.915144,19.844538,2.0020466
120,42,0.89039785,21.136599,2.08049
120,43,0.90251726,20.613398,2.061167
120,44,0.90364754,20.541803,2.0608242
120,45,0.89405334,21.009531,2.0629168
120,46,0.89101154,21.130627,2.0714948
120,47,0.90140927,20.650873,2.054639
120,48,0.9060777,20.396673,2.0492904
120,49,0.88943964,21.157915,2.074649
120,50,0.89989454,20.710728,2.0495842
120,51,0.89382803,21.037804,2.0610812
120,52,0.88712025,21.245495,2.0813034
120,53,0.88998634,21.15295,2.0703082
120,54,0.91489816,19.880386,2.0044997
120,55,0.91359067,19.997383,2.0111122
120,56,0.9120211,20.08689,2.0241063
120,57,0.8833238,21.33235,2.098165
120,58,0.88449657,21.309923,2.0951066
120,59,0.8979599,20.836176,2.0644038
120,60,0.91429305,19.956308,2.0088265
120,61,0.88395095,21.316742,2.0987008
120,62,0.8926589,21.078196,2.0674503
120,63,0.87342286,21.608145,2.0939496
120,64,0.87398845,21.601957,2.0900433
120,65,0.9041294,20.533716,2.057836
120,66,0.8799808,21.414228,2.1072075
120,67,0.89149326,21.09627,2.0745695
120,68,0.89719987,20.876242,2.070476
120,69,0.87941,21.428246,2.1036992
120,70,0.89864886,20.815084,2.0591838
120,71,0.89122874,21.107868,2.0751843
120,72,0.8992785,20.750698,2.051923
120,73,0.8988601,20.782228,2.0706139
120,74,0.89293045,21.065367,2.0604658
120,75,0.90187544,20.634216,2.0532947
120,76,0.88239753,21.362457,2.0997813
120,77,0.8873944,21.220213,2.079868
120,78,0.9138329,19.970505,2.0089343
120,79,0.91529447,19.830214,1.999954
120,80,0.9053831,20.471426,2.053216
120,81,0.9054248,20.459679,2.05205
120,82,0.9032998,20.566965,2.049479
120,83,0.9044573,20.502876,2.053479
120,84,0.8990312,20.772713,2.0539181
120,85,0.87905973,21.459507,2.1025546
120,86,0.8978362,20.840374,2.0605378
120,87,0.87439454,21.591667,2.0907302
120,88,0.91054684,20.181776,2.0277772
120,89,0.9021119,20.627275,2.0512118
120,90,0.8969028,20.905508,2.0625813
120,91,0.87902796,21.461113,2.1024716
120,92,0.91490906,19.879839,2.0044231
120,93,0.91058975,20.167572,2.0269015
120,94,0.8818673,21.371563,2.0997903
120,95,0.9042686,20.511393,2.0567455
120,96,0.8997105,20.726618,2.0685852
120,97,0.8848288,21.293755,2.0972853
120,98,0.8956389,20.937037,2.0657184
120,99,0.8960949,20.91068,2.0608115
130,0,0.87300956,21.618946,2.0931957
130,1,0.916336,19.758999,1.9961867
130,2,0.9020476,20.636917,2.0594916
130,3,0.87729,21.53657,2.1025667
130,4,0.8987206,20.810753,2.058848
130,5,0.90123403,20.677755,2.056799
130,6,0.9091905,20.269318,2.0356188
130,7,0.91382533,20.003096,2.0121045
130,8,0.87623554,21.559155,2.1027355
130,9,0.8979599,20.836176,2.0644038
130,10,0.9125809,20.079811,2.0220854
130,11,0.8893581,21.190495,2.0809913
130,12,0.8852625,21.287807,2.084178
130,13,0.9146703,19.930883,2.0067265
130,14,0.8902899,21.170584,2.0822988
130,15,0.908759,20.323435,2.040432
130,16,0.90968007,20.226696,2.035803
130,17,0.8873864,21.242887,2.08336
130,18,0.91152453,20.138737,2.0275757
130,19,0.9108669,20.166643,2.0309608
130,20,0.89771855,20.864388,2.0553849
130,21,0.8988939,20.775707,2.0506825
130,22,0.9160161,19.807238,2.0010583
130,23,0.9134418,20.042698,2.0162885
130,24,0.8780025,21.52541,2.1037467
130,25,0.8747943,21.596716,2.0930882
130,26,0.8823784,21.382378,2.1004665
130,27,0.8782689,21.49974,2.1032548
130,28,0.9053831,20.471426,2.053216
130,29,0.874071,21.608664,2.0923853
130,30,0.88146526,21.393282,2.100505
130,31,0.9129621,20.045975,2.0165532
130,32,0.89285684,21.0881,2.069469
130,33,0.88632375,21.264202,2.080064
130,34,0.89735144,20.892841,2.0602915
130,35,0.8811677,21.40711,2.1017797
130,36,0.90887636,20.290512,2.0392609
130,37,0.90711695,20.373402,2.0425816
130,38,0.87988997,21.456823,2.1039822
130,39,0.8788655,21.485237,2.1040907
130,40,0.8751698,21.577131,2.1006117
130,41,0.88396114,21.32572,2.100483
130,42,0.8862617,21.267948,2.0800643
130,43,0.8833238,21.33235,2.098165
130,44,0.88454187,21.314802,2.0988073
130,45,0.8758211,21.570568,2.1027956
130,46,0.8832386,21.36202,2.0949192
130,47,0.9100447,20.218962,2.0318775
130,48,0.89540887,21.000546,2.0619955
130,49,0.8949495,21.01373,2.0637674
130,50,0.907756,20.332138,2.0398946
130,51,0.89696157,20.904766,2.0666873
130,52,0.8922698,21.114077,2.0727034
130,53,0.9148738,19.885782,2.0050936
130,54,0.90477204,20.505175,2.0580697
130,55,0.90501386,20.493673,2.0545356
130,56,0.91510266,19.866104,2.003606
130,57,0.8939983,21.056068,2.064136
130,58,0.90762645,20.354328,2.041487
130,59,0.9001763,20.728104,2.053434
130,60,0.90649986,20.399204,2.0426812
130,61,0.9104064,20.195883,2.031556
130,62,0.88055664,21.42865,2.1028118
130,63,0.89996946,20.749914,2.0577128
130,64,0.8846524,21.291542,2.0758846
130,65,0.8963964,20.936533,2.0672264
130,66,0.87902796,21.461113,2.1024716
130,67,0.88279665,21.372547,2.0961292
130,68,0.91537404,19.840878,2.0015364
130,69,0.9141366,19.974588,2.0123916
130,70,0.8966935,20.9256,2.070782
130,71,0.87343657,21.615143,2.0939958
130,72,0.8883864,21.222834,2.082512
130,73,0.8943152,21.034182,2.0630221
130,74,0.9042844,20.522621,2.0611107
130,75,0.8956429,20.938406,2.0723577
130,76,0.9118316,20.122816,2.0286124
130,77,0.914322,19.953125,2.0080175
130,78,0.90679574,20.390863,2.0520308
130,79,0.8954392,20.972845,2.0633218
130,80,0.8931842,21.079376,2.071681
130,81,0.90113705,20.698046,2.0537302
130,82,0.9120308,20.100874,2.0241077
130,83,0.9025973,20.620424,2.0596848
130,84,0.8915091,21.151932,2.0751624
130,85,0.90607613,20.419106,2.0534377
130,86,0.91054684,20.181776,2.0277772
130,87,0.8887136,21.196413,2.0808556
130,88,0.90575767,20.448711,2.0568788
130,89,0.90364236,20.580564,2.055613
130,90,0.88058436,21.428154,2.1030798
130,91,0.8946453,21.029278,2.060906
130,92,0.90055394,20.715696,2.0619237
130,93,0.89966255,20.768599,2.0596821
130,94,0.88787895,21.231419,2.0823567
130,95,0.9042613,20.53773,2.059515
130,96,0.8956387,20.958235,2.0792196
130,97,0.9006067,20.702154,2.0646436
130,98,0.9037632,20.558262,2.0539546
130,99,0.90394515,20.55135,2.0617337
140,0,0.8734805,21.638208,2.0940826
140,1,0.9164944,19.779428,1.9985664
140,2,0.9148738,19.885782,2.0050936
140,3,0.87764037,21.542156,2.1046615
140,4,0.8790371,21.503271,2.1076543
140,5,0.9098731,20.224764,2.028446
140,6,0.8796755,21.467607,2.1052551
140,7,0.89670736,20.915245,2.0712934
140,8,0.9164077,19.815046,2.0000358
140,9,0.87673765,21.582787,2.0996494
140,10,0.89647675,20.956123,2.0539818
140,11,0.8941165,21.071907,2.066564
140,12,0.90977174,20.271002,2.036301
140,13,0.87481886,21.605494,2.0958242
140,14,0.9155308,19.845749,2.0015588
140,15,0.9148154,19.932154,2.0060787
140,16,0.8815567,21.405762,2.101406
140,17,0.9125604,20.117075,2.0223963
140,18,0.89850533,20.833767,2.0535896
140,19,0.8832386,21.36202,2.0949192
140,20,0.905715,20.499979,2.0578117
140,21,0.90356624,20.583826,2.05587
140,22,0.89448977,21.053226,2.0619915
140,23,0.88007337,21.45321,2.1039295
140,24,0.91303295,20.078787,2.0182273
140,25,0.8823784,21.382378,2.1004665
140,26,0.9073347,20.394283,2.0515409
140,27,0.91434,19.974531,2.0114017
140,28,0.9043731,20.537176,2.05965
140,29,0.87829185,21.505713,2.1015651
140,30,0.89906234,20.81961,2.0650003
140,31,0.9105827,20.20896,2.0341449
140,32,0.8836919,21.343485,2.0976899
140,33,0.8919793,21.132343,2.074475
140,34,0.88895917,21.211609,2.0787206
140,35,0.89788306,20.869165,2.0573308
140,36,0.890238,21.172958,2.0821111
140,37,0.8931971,21.082693,2.0650547
140,38,0.9118936,20.125628,2.021688
140,39,0.9094288,20.28839,2.0370326
140,40,0.9031111,20.607384,2.0493581
140,41,0.9077854,20.374472,2.0448477
140,42,0.8840085,21.324732,2.0979855
140,43,0.90223604,20.630383,2.05812
140,44,0.874071,21.608664,2.0923853
140,45,0.8779457,21.528158,2.1045327
140,46,0.8848926,21.3021,2.0990732
140,47,0.91459715,19.954807,2.0072176
140,48,0.9048914,20.520868,2.0535605
140,49,0.8981599,20.859756,2.0650983
140,50,0.90030956,20.742987,2.0527558
140,51,0.90078217,20.717554,2.047572
140,52,0.91344905,20.037815,2.0156074
140,53,0.90880543,20.314365,2.0390835
140,54,0.8866103,21.266813,2.082404
140,55,0.9084902,20.343067,2.0391545
140,56,0.88821393,21.234814,2.0820537
140,57,0.88454187,21.314802,2.0988073
140,58,0.90280676,20.616755,2.0493107
140,59,0.91112226,20.1717,2.0271022
140,60,0.88728577,21.25092,2.08442
140,61,0.89937043,20.800179,2.0632398
140,62,0.9127817,20.084637,2.019237
140,63,0.87579364,21.600697,2.0972908
140,64,0.8825497,21.373224,2.100218
140,65,0.91382533,20.003096,2.0121045
140,66,0.9050508,20.50409,2.0533543
140,67,0.88737005,21.239895,2.0858128
140,68,0.899973,20.765057,2.0547273
140,69,0.9065399,20.433167,2.0537646
140,70,0.8884821,21.226974,2.0803986
140,71,0.87376845,21.624775,2.0945947
140,72,0.89735144,20.892841,2.0602915
140,73,0.9156603,19.832792,2.0002441
140,74,0.90191305,20.662502,2.0535889
140,75,0.8915091,21.151932,2.0751624
140,76,0.88559794,21.296577,2.0854158
140,77,0.90584224,20.460667,2.0463793
140,78,0.90161,20.68455,2.0547407
140,79,0.90899956,20.303751,2.0361874
140,80,0.89104116,21.166441,2.0763698
140,81,0.90116185,20.692501,2.0535069
140,82,0.913477,20.036552,2.0155225
140,83,0.91387254,19.996641,2.0097854
140,84,0.89484155,21.025654,2.0582075
140,85,0.9112819,20.14876,2.0210767
140,86,0.8971715,20.893425,2.0693011
140,87,0.91152453,20.138737,2.0275757
140,88,0.876049,21.600061,2.0982387
140,89,0.906042,20.438414,2.0516565
140,90,0.8895326,21.204138,2.0794737
140,91,0.9040004,20.568228,2.0519783
140,92,0.90412533,20.560635,2.0513263
140,93,0.88055664,21.42865,2.1028118
140,94,0.8766735,21.589382,2.0970044
140,95,0.9019902,20.64617,2.048288
140,96,0.90058035,20.729155,2.0515828
140,97,0.9069654,20.41394,2.0480313
140,98,0.8921991,21.113483,2.0754254
140,99,0.90797395,20.35634,2.04175
150,0,0.8733665,21.640879,2.0941179
150,1,0.9168008,19.724607,1.9934323
150,2,0.8923387,21.136868,2.07341
150,3,0.91639745,19.815466,2.0000553
150,4,0.8910928,21.169592,2.0774553
150,5,0.9157503,19.88187,2.0059066
150,6,0.9145285,19.966158,2.010184
150,7,0.915364,19.915762,2.006515
150,8,0.9095614,20.310513,2.037653
150,9,0.8932246,21.10541,2.0658326
150,10,0.9120513,20.148422,2.0304148
150,11,0.87559325,21.624756,2.097537
150,12,0.8969045,20.932598,2.0526323
150,13,0.8860382,21.284613,2.0963
150,14,0.88376343,21.38389,2.0988457
150,15,0.9126505,20.124292,2.024405
150,16,0.87741363,21.548143,2.096819
150,17,0.8897464,21.192757,2.0785582
150,18,0.88895917,21.211609,2.0787206
150,19,0.8869434,21.268925,2.0837224
150,20,0.908744,20.327707,2.0397053
150,21,0.8855455,21.305527,2.0962183
150,22,0.8848039,21.317196,2.0905247
150,23,0.9040904,20.574957,2.059371
150,24,0.876049,21.600061,2.0982387
150,25,0.90999824,20.274885,2.0351121
150,26,0.890238,21.172958,2.0821111
150,27,0.9164944,19.779428,1.9985664
150,28,0.8807158,21.447098,2.1071227
150,29,0.9068735,20.438004,2.0476944
150,30,0.9024354,20.63582,2.0579207
150,31,0.91097516,20.229145,2.0323234
150,32,0.8963829,20.960524,2.055934
150,33,0.90813774,20.374258,2.0394828
150,34,0.9127817,20.084637,2.019237
150,35,0.90356624,20.583826,2.05587
150,36,0.9139203,20.006609,2.0147789
150,37,0.90848255,20.350826,2.0406084
150,38,0.90199786,20.6641,2.0648081
150,39,0.8948457,21.038183,2.0626526
150,40,0.8801726,21.466825,2.0917065
150,41,0.8839357,21.33286,2.0945172
150,42,0.91367316,20.032797,2.014212
150,43,0.90458834,20.545626,2.0609896
150,44,0.905715,20.499979,2.0578117
150,45,0.9031111,20.607384,2.0493581
150,46,0.900786,20.720497,2.06316
150,47,0.9073849,20.38058,2.046536
150,48,0.87692064,21.57974,2.1003733
150,49,0.91441053,19.990742,2.0123668
150,50,0.8994063,20.800076,2.0649343
150,51,0.9111296,20.197227,2.0342114
150,52,0.8976506,20.884499,2.0715306
150,53,0.8957623,20.989094,2.061345
150,54,0.8829075,21.403763,2.0949461
150,55,0.8941446,21.068935,2.0618992
150,56,0.90647817,20.451715,2.0520656
150,57,0.88728577,21.25092,2.08442
150,58,0.90126514,20.70633,2.0672643
150,59,0.8779593,21.529648,2.10458
150,60,0.8945599,21.054853,2.060816
150,61,0.9115867,20.176332,2.0306902
150,62,0.91023743,20.237467,2.0335848
150,63,0.91347367,20.057398,2.0193088
150,64,0.87912387,21.50364,2.10717
150,65,0.902801,20.619879,2.0733387
150,66,0.87879163,21.511278,2.1021283
150,67,0.91319966,20.072624,2.0246992
150,68,0.87448907,21.62988,2.0979803
150,69,0.8832581,21.400858,2.1011555
150,70,0.89726603,20.900896,2.0744932
150,71,0.8814865,21.443178,2.0952415
150,72,0.8734805,21.638208,2.0940826
150,73,0.88854384,21.230244,2.0820756
150,74,0.89595544,20.969997,2.0614722
150,75,0.87826866,21.523945,2.1057982
150,76,0.87944597,21.4815,2.1019475
150,77,0.88190955,21.406162,2.100817
150,78,0.8982546,20.868708,2.0620394
150,79,0.8840992,21.327452,2.0944836
150,80,0.89906234,20.81961,2.0650003
150,81,0.87442243,21.630842,2.0978742
150,82,0.9001425,20.760735,2.064859
150,83,0.89526564,21.013956,2.0687115
150,84,0.9157248,19.904484,2.010323
150,85,0.9073106,20.40813,2.0487986
150,86,0.90607834,20.482693,2.0591238
150,87,0.9016269,20.694715,2.054359
150,88,0.906268,20.474821,2.0574665
150,89,0.89974517,20.782495,2.0717008
150,90,0.91007715,20.250275,2.0395527
150,91,0.88171,21.43421,2.092647
150,92,0.91651577,19.738241,1.9938183
150,93,0.9018649,20.683634,2.054988
150,94,0.89531523,21.007746,2.0626397
150,95,0.8796126,21.470339,2.1050584
150,96,0.88821393,21.234814,2.0820537
150,97,0.8934963,21.08476,2.0810187
150,98,0.8936093,21.07753,2.080705
150,99,0.8766735,21.589382,2.0970044
160,0,0.9168869,19.76948,1.9967555
160,1,0.8727082,21.717186,2.099133
160,2,0.8875997,21.249296,2.0874746
160,3,0.88171,21.43421,2.092647
160,4,0.8825984,21.420637,2.0986478
160,5,0.9032611,20.629154,2.060624
160,6,0.89379054,21.088293,2.0651681
160,7,0.9115029,20.191278,2.0284696
160,8,0.8968902,20.939678,2.0511544
160,9,0.9085673,20.359444,2.0477626
160,10,0.8864253,21.276134,2.0864034
160,11,0.8945599,21.054853,2.060816
160,12,0.9036963,20.59249,2.054154
160,13,0.90920186,20.329494,2.0418282
160,14,0.87404126,21.658566,2.0993736
160,15,0.91579694,19.875664,2.0057945
160,16,0.9052818,20.505451,2.0560691
160,17,0.873834,21.692709,2.1007774
160,18,0.89905584,20.822636,2.0657792
160,19,0.91298485,20.101616,2.0197499
160,20,0.8897464,21.192757,2.0785582
160,21,0.88332367,21.392805,2.0889251
160,22,0.91267127,20.140957,2.024888
160,23,0.87981087,21.479967,2.1009579
160,24,0.90183485,20.676092,2.0560994
160,25,0.89856064,20.847338,2.0629315
160,26,0.8779593,21.529648,2.10458
160,27,0.87577665,21.6186,2.0975087
160,28,0.9154509,19.912981,2.0061507
160,29,0.91097516,20.229145,2.0323234
160,30,0.8975131,20.90917,2.0525725
160,31,0.89064306,21.179386,2.0750954
160,32,0.9151735,19.927847,2.0111024
160,33,0.87501067,21.652475,2.098479
160,34,0.8806762,21.451647,2.107527
160,35,0.90811634,20.382448,2.0436852
160,36,0.9041967,20.575254,2.060268
160,37,0.8730957,21.708254,2.0995855
160,38,0.8767839,21.594774,2.0976694
160,39,0.8995276,20.799837,2.0613828
160,40,0.87865347,21.528805,2.0883758
160,41,0.9043199,20.54556,2.0619159
160,42,0.8853586,21.332245,2.1012688
160,43,0.8963829,20.960524,2.055934
160,44,0.91483575,19.964369,2.0096335
160,45,0.87787014,21.574913,2.1060038
160,46,0.91442573,19.992273,2.0124612
160,47,0.9062283,20.487564,2.0582962
160,48,0.8893555,21.21134,2.080332
160,49,0.90775174,20.398426,2.0474813
160,50,0.8763675,21.60279,2.0974028
160,51,0.9016436,20.700556,2.0567796
160,52,0.9138778,20.069729,2.0184362
160,53,0.87763894,21.584927,2.10802
160,54,0.8753286,21.637266,2.0974042
160,55,0.91168743,20.156235,2.0308044
160,56,0.8856937,21.319695,2.097856
160,57,0.9000187,20.791391,2.060723
160,58,0.880423,21.454655,2.096898
160,59,0.89273053,21.124958,2.0761716
160,60,0.8849352,21.358822,2.101555
160,61,0.8793016,21.51553,2.0937662
160,62,0.90095055,20.73782,2.062958
160,63,0.9003374,20.768673,2.0611494
160,64,0.88887095,21.22271,2.0876863
160,65,0.89111215,21.173798,2.0778003
160,66,0.8982805,20.870193,2.0681446
160,67,0.90239924,20.646585,2.0549333
160,68,0.9138936,20.018923,2.0168118
160,69,0.9162764,19.85734,2.0021486
160,70,0.9120513,20.148422,2.0304148
160,71,0.89541614,21.004269,2.0637136
160,72,0.91659826,19.816835,2.000318
160,73,0.89572364,20.978357,2.0582914
160,74,0.8794775,21.500097,2.092729
160,75,0.90062547,20.756876,2.063857
160,76,0.90724653,20.412373,2.0411448
160,77,0.8862154,21.303055,2.0975528
160,78,0.8919702,21.124975,2.0759385
160,79,0.9135366,20.089483,2.019886
160,80,0.9164687,19.846336,2.0009668
160,81,0.88821393,21.234814,2.0820537
160,82,0.9023811,20.649643,2.0547967
160,83,0.9108138,20.24045,2.0347657
160,84,0.8979894,20.881645,2.0680315
160,85,0.90650386,20.450327,2.0518556
160,86,0.8932246,21.10541,2.0658326
160,87,0.90956146,20.310513,2.0376532
160,88,0.9048329,20.530409,2.051685
160,89,0.9139248,20.012701,2.0150812
160,90,0.91023093,20.26255,2.039611
160,91,0.9069052,20.419657,2.0506968
160,92,0.8975552,20.88965,2.051934
160,93,0.8914397,21.153933,2.0771525
160,94,0.9099081,20.284494,2.0365639
160,95,0.91029656,20.251566,2.0331113
160,96,0.8957615,20.960993,2.0721986
160,97,0.9062901,20.481335,2.0577908
160,98,0.91447085,19.967907,2.0108721
160,99,0.88376343,21.38389,2.0988457
170,0,0.91705704,19.826002,2.000782
170,1,0.87265545,21.72274,2.0997114
170,2,0.87673753,21.619719,2.1009462
170,3,0.9052966,20.51626,2.0391674
170,4,0.90491295,20.558102,2.0485806
170,5,0.8800206,21.497452,2.1064582
170,6,0.87536556,21.646463,2.0983279
170,7,0.9109042,20.24469,2.0331306
170,8,0.91645575,19.87582,2.0061347
170,9,0.91458756,20.01219,2.018544
170,10,0.8871132,21.286615,2.0823817
170,11,0.9061687,20.495123,2.0563583
170,12,0.91007197,20.288687,2.0356936
170,13,0.9139111,20.06957,2.0184476
170,14,0.87812084,21.566845,2.1067965
170,15,0.9118119,20.176687,2.023014
170,16,0.90212405,20.65782,2.0607133
170,17,0.8863353,21.306837,2.0817704
170,18,0.88247573,21.428692,2.0996225
170,19,0.9151163,19.948898,2.00974
170,20,0.9111568,20.219248,2.0266237
170,21,0.904318,20.586899,2.0493963
170,22,0.91454935,20.021626,2.0123644
170,23,0.9029005,20.646439,2.0588644
170,24,0.89273053,21.124958,2.0761716
170,25,0.91228116,20.172556,2.0291038
170,26,0.8932246,21.10541,2.0658326
170,27,0.8841155,21.39015,2.092806
170,28,0.89112675,21.176964,2.07825
170,29,0.8969189,20.972538,2.0646765
170,30,0.89174646,21.159214,2.073115
170,31,0.9159706,19.906345,2.006908
170,32,0.8853586,21.332245,2.1012688
170,33,0.89212114,21.140764,2.0734918
170,34,0.89504755,21.034744,2.072708
170,35,0.88074744,21.458643,2.1016967
170,36,0.895303,21.009798,2.0722873
170,37,0.88335156,21.404099,2.0945516
170,38,0.91281235,20.137072,2.0262487
170,39,0.87753445,21.611475,2.102149
170,40,0.8786883,21.535965,2.1097448
170,41,0.9007415,20.766745,2.0620441
170,42,0.87775326,21.590956,2.0991604
170,43,0.9020257,20.702213,2.062306
170,44,0.89460784,21.055616,2.06212
170,45,0.8739988,21.692726,2.1010418
170,46,0.8732006,21.704557,2.0996203
170,47,0.9075539,20.427794,2.0514882
170,48,0.9071318,20.450876,2.0527725
170,49,0.8900777,21.19693,2.0778596
170,50,0.8884719,21.23417,2.0796192
170,51,0.88583124,21.320759,2.1027818
170,52,0.89717627,20.938013,2.0539455
170,53,0.9009692,20.737156,2.0628371
170,54,0.9036963,20.59249,2.054154
170,55,0.88481766,21.374002,2.1027725
170,56,0.8850566,21.365168,2.1018794
170,57,0.8989824,20.836885,2.0704963
170,58,0.9134095,20.100895,2.0215929
170,59,0.89379054,21.088293,2.0651681
170,60,0.89852494,20.859259,2.066214
170,61,0.9091748,20.318693,2.0426667
170,62,0.9083821,20.346996,2.0378356
170,63,0.9088963,20.343084,2.0388935
170,64,0.91311705,20.135904,2.0257282
170,65,0.8744571,21.665936,2.0995853
170,66,0.8960289,21.001986,2.0556233
170,67,0.90139455,20.72897,2.0579815
170,68,0.9063903,20.46687,2.0489562
170,69,0.87501067,21.652475,2.098479
170,70,0.88745016,21.257902,2.0808618
170,71,0.9003935,20.782866,2.0638995
170,72,0.879702,21.522606,2.10172
170,73,0.90344244,20.631289,2.0562959
170,74,0.91673374,19.839304,2.0006597
170,75,0.8982805,20.870193,2.0681446
170,76,0.8896216,21.230843,2.077
170,77,0.90161335,20.705643,2.058526
170,78,0.89802134,20.892143,2.0675776
170,79,0.8896116,21.231228,2.0770166
170,80,0.8882198,21.23896,2.079657
170,81,0.90957475,20.309494,2.03765
170,82,0.8875997,21.249296,2.0874746
170,83,0.9000721,20.794298,2.0640059
170,84,0.8905326,21.187365,2.0838034
170,85,0.9035704,20.62018,2.0550013
170,86,0.9152952,19.939213,2.0083475
170,87,0.90681684,20.464273,2.056716
170,88,0.9079811,20.402447,2.0477154
170,89,0.8834552,21.39664,2.0928118
170,90,0.87417704,21.677374,2.0985215
170,91,0.89788973,20.907055,2.0549147
170,92,0.89425415,21.070402,2.0660577
170,93,0.9077509,20.409145,2.0502455
170,94,0.90836054,20.382462,2.046444
170,95,0.8999477,20.814213,2.0695555
170,96,0.9099109,20.297884,2.0363128
170,97,0.88125813,21.45229,2.0996644
170,98,0.8729222,21.715433,2.0993736
170,99,0.879322,21.52308,2.1074479
180,0,0.87265545,21.72274,2.0997114
180,1,0.91705704,19.826002,2.000782
180,2,0.8876614,21.27643,2.083933
180,3,0.8890514,21.24855,2.0730588
180,4,0.87895983,21.562952,2.105154
180,5,0.87957466,21.524326,2.1074202
180,6,0.9038421,20.622133,2.051033
180,7,0.91550505,19.983881,2.0122404
180,8,0.91458756,20.01219,2.018544
180,9,0.89194655,21.181368,2.0831437
180,10,0.88202214,21.430054,2.1030664
180,11,0.90526783,20.534721,2.0605474
180,12,0.89090335,21.19985,2.0730066
180,13,0.91360277,20.102898,2.0202715
180,14,0.9139129,20.075724,2.015921
180,15,0.91409963,20.030323,2.019075
180,16,0.9165844,19.859459,2.0039887
180,17,0.9080824,20.413448,2.0474045
180,18,0.8810171,21.460522,2.1021714
180,19,0.90698534,20.428017,2.0395098
180,20,0.91311705,20.135904,2.0257282
180,21,0.9155859,19.946344,2.0063264
180,22,0.8860584,21.323744,2.1053019
180,23,0.8782883,21.582756,2.10308
180,24,0.9161015,19.902407,2.0055616
180,25,0.8801149,21.502922,2.1092427
180,26,0.9058833,20.501455,2.0421178
180,27,0.9031533,20.662058,2.0521605
180,28,0.91051805,20.266033,2.0365288
180,29,0.9102226,20.2997,2.040365
180,30,0.89681596,20.98495,2.0697553
180,31,0.8959416,21.018976,2.06113
180,32,0.9068376,20.482077,2.0581083
180,33,0.90071183,20.775677,2.061383
180,34,0.896254,20.994793,2.0607316
180,35,0.89344925,21.118027,2.0686877
180,36,0.8972645,20.962994,2.0661695
180,37,0.8996035,20.83555,2.0652378
180,38,0.8950648,21.060053,2.068235
180,39,0.90491295,20.558102,2.0485806
180,40,0.911249,20.237103,2.030909
180,41,0.9092485,20.329683,2.0447295
180,42,0.87753445,21.611475,2.102149
180,43,0.8929014,21.13454,2.0699043
180,44,0.89001954,21.225296,2.0727968
180,45,0.88481766,21.374002,2.1027725
180,46,0.8895087,21.23835,2.0746598
180,47,0.88325405,21.415483,2.0953894
180,48,0.8732006,21.704557,2.0996203
180,49,0.87536556,21.646463,2.0983279
180,50,0.8903261,21.207573,2.0626018
180,51,0.8871132,21.286615,2.0823817
180,52,0.8986428,20.888998,2.0689015
180,53,0.88380307,21.391388,2.090401
180,54,0.9125749,20.145027,2.022391
180,55,0.9047233,20.58051,2.0506234
180,56,0.8853143,21.348288,2.0861905
180,57,0.8779844,21.603485,2.1066027
180,58,0.8841155,21.39015,2.092806
180,59,0.90107816,20.73256,2.0526335
180,60,0.90693814,20.451914,2.042595
180,61,0.91085607,20.247633,2.0368693
180,62,0.90635973,20.500198,2.0584555
180,63,0.8993426,20.865208,2.066907
180,64,0.8922306,21.15245,2.0677981
180,65,0.9023678,20.686852,2.0551555
180,66,0.90890217,20.36879,2.0432673
180,67,0.9115914,20.210419,2.0337672
180,68,0.8976478,20.93495,2.0651472
180,69,0.8767725,21.619452,2.1010191
180,70,0.8940611,21.112707,2.071955
180,71,0.9019794,20.716318,2.0622768
180,72,0.91673374,19.839304,2.0006597
180,73,0.88682353,21.30332,2.0840778
180,74,0.9015498,20.726463,2.0575113
180,75,0.8946749,21.07432,2.0699327
180,76,0.90970224,20.310196,2.0428865
180,77,0.91228116,20.172556,2.0291038
180,78,0.9119479,20.19845,2.0290706
180,79,0.8824905,21.424099,2.10246
180,80,0.87407595,21.696095,2.1017277
180,81,0.904155,20.595678,2.0447118
180,82,0.87495625,21.659176,2.0991852
180,83,0.8743057,21.670732,2.0960538
180,84,0.8803423,21.475225,2.0781963
180,85,0.9160204,19.921164,2.0071523
180,86,0.90279853,20.66728,2.0572739
180,87,0.8922862,21.135952,2.072067
180,88,0.898115,20.911518,2.056711
180,89,0.9022861,20.704147,2.0539262
180,90,0.8735751,21.69778,2.100088
180,91,0.8974393,20.941109,2.0626688
180,92,0.87621754,21.639816,2.1021
180,93,0.8981074,20.912203,2.0567393
180,94,0.89410686,21.091816,2.0687382
180,95,0.8850566,21.365168,2.1018794
180,96,0.89549476,21.03976,2.0660367
180,97,0.894513,21.088957,2.0692627
180,98,0.8829279,21.418474,2.0990548
180,99,0.9000159,20.823732,2.0640726
190,0,0.87313783,21.724316,2.0995731
190,1,0.91705704,19.826002,2.000782
190,2,0.90844023,20.391361,2.0383694
190,3,0.91572636,19.963829,2.0094383
190,4,0.91613805,19.905537,2.0069976
190,5,0.9075379,20.429022,2.051723
190,6,0.89090335,21.19985,2.0730066
190,7,0.9147143,20.029306,2.0170841
190,8,0.9015087,20.741182,2.062018
190,9,0.8901485,21.23158,2.0722408
190,10,0.8789002,21.564682,2.1052065
190,11,0.8937038,21.126867,2.0721002
190,12,0.8826061,21.42789,2.1007106
190,13,0.90635514,20.497543,2.0584192
190,14,0.91137934,20.230082,2.0358899
190,15,0.90071183,20.775677,2.061383
190,16,0.91414094,20.06596,2.0162401
190,17,0.89982253,20.839128,2.0680585
190,18,0.9071254,20.462555,2.054098
190,19,0.8929568,21.144537,2.0770557
190,20,0.8832576,21.415894,2.09544
190,21,0.8767676,21.620884,2.1011455
190,22,0.8793712,21.530947,2.1022756
190,23,0.9001992,20.818499,2.0676372
190,24,0.89424145,21.104364,2.0640032
190,25,0.913007,20.14006,2.0238209
190,26,0.8820648,21.459913,2.0970597
190,27,0.9045157,20.588802,2.0511837
190,28,0.8782883,21.582756,2.10308
190,29,0.9038421,20.622133,2.051033
190,30,0.895313,21.060955,2.0688825
190,31,0.90179646,20.721434,2.0653994
190,32,0.88768,21.302227,2.0893137
190,33,0.888845,21.265171,2.072507
190,34,0.9101226,20.316587,2.0324974
190,35,0.9167361,19.850174,2.0032697
190,36,0.8803494,21.509447,2.1003675
190,37,0.91077834,20.269855,2.0307763
190,38,0.8962671,21.008667,2.0638459
190,39,0.89932746,20.867002,2.0671608
190,40,0.88514805,21.367226,2.1043503
190,41,0.90897495,20.366451,2.0423212
190,42,0.91228116,20.172556,2.0291038
190,43,0.9155505,19.997059,2.0136912
190,44,0.8735751,21.69778,2.100088
190,45,0.89693725,20.985785,2.0670004
190,46,0.9150376,20.00297,2.0135746
190,47,0.9095727,20.33642,2.0352864
190,48,0.9120625,20.20811,2.0336916
190,49,0.9034135,20.632898,2.0516665
190,50,0.89226365,21.176764,2.0792186
190,51,0.90059865,20.7908,2.0649016
190,52,0.88408285,21.406807,2.0995493
190,53,0.8858255,21.355318,2.1033287
190,54,0.9125402,20.159805,2.0241969
190,55,0.87963057,21.513607,2.1013525
190,56,0.9132316,20.110088,2.018441
190,57,0.8895087,21.23835,2.0746598
190,58,0.9029863,20.668451,2.0560908
190,59,0.8925917,21.163908,2.0807657
190,60,0.9052601,20.560154,2.0605314
190,61,0.90578103,20.524864,2.0575113
190,62,0.8860611,21.319254,2.1050136
190,63,0.8779844,21.603485,2.1066027
190,64,0.8956171,21.03982,2.0702207
190,65,0.9139427,20.083342,2.0164282
190,66,0.90527415,20.539215,2.0596707
190,67,0.91360277,20.102898,2.0202715
190,68,0.88132524,21.470839,2.1070433
190,69,0.88929147,21.257402,2.0725315
190,70,0.8752254,21.643803,2.0981226
190,71,0.87521225,21.661293,2.0997105
190,72,0.89489716,21.085917,2.0684178
190,73,0.8983101,20.914875,2.0637326
190,74,0.87621754,21.639816,2.1021
190,75,0.906116,20.513954,2.060856
190,76,0.89872706,20.896872,2.056339
190,77,0.9115914,20.210419,2.0337672
190,78,0.9074736,20.460703,2.0526505
190,79,0.90226156,20.697489,2.063711
190,80,0.88479394,21.381891,2.1004674
190,81,0.8882139,21.286043,2.072753
190,82,0.8867398,21.310326,2.0928855
190,83,0.88682353,21.30332,2.0840778
190,84,0.89772505,20.932297,2.0583901
190,85,0.8760432,21.64175,2.1027217
190,86,0.8947455,21.090658,2.0677662
190,87,0.88599575,21.339722,2.1023264
190,88,0.9162696,19.874224,2.0051877
190,89,0.87454975,21.66953,2.0989232
190,90,0.90472126,20.57711,2.0525262
190,91,0.9164449,19.87348,2.0040498
190,92,0.8805111,21.478067,2.103386
190,93,0.87442833,21.67242,2.100339
190,94,0.8815898,21.462873,2.0961397
190,95,0.89813167,20.924934,2.0641766
190,96,0.8775096,21.612387,2.1021087
190,97,0.8806084,21.476633,2.100259
190,98,0.8915622,21.186277,2.0720637
190,99,0.8915203,21.186756,2.0756183
200,0,0.87256277,21.7379,2.0990233
200,1,0.9173097,19.802896,1.9975172
200,2,0.88924545,21.265203,2.092258
200,3,0.91503793,20.04021,2.0173588
200,4,0.9043538,20.608883,2.0523105
200,5,0.9141662,20.107986,2.0271552
200,6,0.89033455,21.228136,2.072123
200,7,0.90340835,20.647688,2.0538654
200,8,0.90868473,20.380754,2.0415764
200,9,0.9048079,20.575985,2.0557075
200,10,0.91190886,20.222775,2.036917
200,11,0.8882139,21.286043,2.072753
200,12,0.91572636,19.963829,2.0094383
200,13,0.885622,21.364807,2.1047254
200,14,0.9125402,20.171871,2.0302439
200,15,0.910448,20.277668,2.0302944
200,16,0.87621754,21.639816,2.1021
200,17,0.87396747,21.698566,2.1009092
200,18,0.9029635,20.669771,2.054969
200,19,0.8851818,21.39015,2.1027472
200,20,0.9025099,20.70146,2.0529957
200,21,0.91012955,20.317451,2.0319636
200,22,0.8776352,21.613924,2.1025162
200,23,0.88710064,21.319582,2.0948002
200,24,0.87746894,21.626951,2.1023655
200,25,0.9132032,20.13841,2.0243878
200,26,0.8834241,21.41789,2.091725
200,27,0.90801,20.429657,2.0511332
200,28,0.911129,20.258932,2.030731
200,29,0.87938243,21.557825,2.1026204
200,30,0.89808744,20.935417,2.0650015
200,31,0.8785391,21.585932,2.1018302
200,32,0.894342,21.107061,2.0629318
200,33,0.88768,21.302227,2.0893137
200,34,0.8909758,21.212502,2.081364
200,35,0.9018973,20.713747,2.067585
200,36,0.9161255,19.924,2.0088484
200,37,0.8826061,21.42789,2.1007106
200,38,0.9016907,20.744658,2.0612519
200,39,0.8794519,21.523863,2.1032968
200,40,0.91705704,19.826002,2.000782
200,41,0.9139992,20.125158,2.0259678
200,42,0.8938978,21.122719,2.0691795
200,43,0.87313783,21.724316,2.0995731
200,44,0.8746372,21.693144,2.0989616
200,45,0.91135067,20.230831,2.0271058
200,46,0.9167361,19.850174,2.0032697
200,47,0.90542704,20.544462,2.047473
200,48,0.87504613,21.674566,2.1021647
200,49,0.89896125,20.881008,2.0571446
200,50,0.9153385,19.993631,2.0112307
200,51,0.8928234,21.161777,2.0727158
200,52,0.9093829,20.36876,2.0422924
200,53,0.87890303,21.58536,2.1029806
200,54,0.88663316,21.350346,2.1039925
200,55,0.88182425,21.47354,2.0940022
200,56,0.9010726,20.752287,2.0659518
200,57,0.9077402,20.447226,2.0531728
200,58,0.8844332,21.403488,2.098467
200,59,0.9129055,20.164082,2.033263
200,60,0.90606457,20.516739,2.0609138
200,61,0.88101053,21.477613,2.1073413
200,62,0.8998516,20.839743,2.066969
200,63,0.89882356,20.90739,2.0586424
200,64,0.8983523,20.915016,2.056907
200,65,0.8975193,20.962404,2.0661447
200,66,0.90730906,20.470282,2.054873
200,67,0.89487123,21.082699,2.073362
200,68,0.8843061,21.415293,2.0998032
200,69,0.8932594,21.13149,2.0761878
200,70,0.9001992,20.818499,2.0676372
200,71,0.8949313,21.073742,2.0667722
200,72,0.905538,20.53939,2.0471647
200,73,0.8994119,20.865456,2.0668805
200,74,0.8825642,21.456305,2.0952768
200,75,0.8758433,21.657331,2.1035638
200,76,0.89226365,21.176764,2.0792186
200,77,0.9071244,20.479513,2.054304
200,78,0.8801279,21.516672,2.0993633
200,79,0.89693725,20.985785,2.0670004
200,80,0.87539035,21.658276,2.0997555
200,81,0.90100855,20.778854,2.0623298
200,82,0.89653444,21.004698,2.0676534
200,83,0.8914428,21.196377,2.081267
200,84,0.9066084,20.493319,2.0589542
200,85,0.88666177,21.345438,2.1042385
200,86,0.89630187,21.009706,2.0699184
200,87,0.8823078,21.469618,2.095356
200,88,0.89297634,21.14046,2.077059
200,89,0.89601934,21.032896,2.071258
200,90,0.8803494,21.509447,2.1003675
200,91,0.8955397,21.055954,2.0579302
200,92,0.9005235,20.812057,2.0621011
200,93,0.8996865,20.857264,2.0478804
200,94,0.91642594,19.867199,2.0009053
200,95,0.8959094,21.041864,2.0705543
200,96,0.9162696,19.874224,2.0051877
200,97,0.8970681,20.976015,2.0630748
200,98,0.9097548,20.336006,2.0430777
200,99,0.8917729,21.195621,2.0755913
