sample_id,Omega,P,Compression_ratio,Efficiency,Massflow
0,1641.51,366255.35,1.897161,0.874458,18.741776
1,1639.53,372627.75,1.896274,0.863494,18.421656
2,1748.61,364912.85,2.016035,0.862404,19.968557
3,1625.13,361225.45,1.869005,0.886386,18.727144
4,1665.81,369387.85,1.939042,0.873711,18.999257
5,1634.67,372735.15,1.901861,0.869358,18.465885
6,1799.01,375151.65,2.114151,0.864458,20.350099
7,1782.63,367383.05,2.060489,0.856763,20.255821
8,1702.17,371124.15,1.998646,0.873315,19.478984
9,1646.01,373379.55,1.918972,0.868766,18.604472
10,1641.33,373970.25,1.899697,0.870882,18.384049
11,1695.51,364035.75,1.971533,0.878499,19.577958
12,1716.93,375080.05,2.005522,0.857812,19.331952
13,1767.51,365109.75,2.037404,0.863395,20.156774
14,1755.27,374131.35,2.066229,0.877347,19.9704
15,1640.25,371750.65,1.918972,0.878395,18.683043
16,1698.75,373862.85,1.97245,0.866302,19.087038
17,1630.53,366631.25,1.87265,0.872054,18.490492
18,1796.49,360867.45,2.063495,0.862296,20.636449
19,1647.63,369065.65,1.916161,0.878072,18.798871
20,1646.37,370032.25,1.909384,0.871287,18.682688
21,1643.85,373236.35,1.89723,0.869875,18.393475
22,1768.59,362657.45,2.029276,0.86599,20.204948
23,1652.85,371643.25,1.910803,0.872555,18.602321
24,1742.85,368940.35,2.029665,0.868455,19.883549
25,1673.73,375724.45,1.961238,0.866714,18.888835
26,1758.33,364572.75,2.033166,0.863156,20.142461
27,1772.73,367186.15,2.061314,0.864141,20.282196
28,1730.07,363480.85,1.995171,0.883445,19.846619
29,1671.21,365915.25,1.942414,0.882499,19.217314
30,1737.63,362174.15,2.004231,0.881194,20.004015
31,1741.95,370264.95,2.043312,0.867017,19.946966
32,1642.77,360724.25,1.892303,0.886965,18.988448
33,1675.53,361762.45,1.93582,0.881721,19.357867
34,1748.43,376440.45,2.058469,0.864368,19.7702
35,1724.67,373791.25,2.013156,0.863101,19.473847
36,1629.09,371607.45,1.891172,0.873445,18.425738
37,1776.15,365414.05,2.042551,0.849221,20.175945
38,1710.45,361458.15,1.984587,0.888121,19.860423
39,1676.61,368922.45,1.952606,0.869482,19.15406
40,1684.35,359220.65,1.944733,0.884925,19.585717
41,1790.91,361816.15,2.052299,0.859918,20.457313
42,1673.37,358952.15,1.927279,0.883689,19.417776
43,1652.31,365378.25,1.914013,0.873005,18.946065
44,1789.29,367776.85,2.080889,0.861575,20.424454
45,1644.21,376028.75,1.902203,0.863686,18.306719
46,1745.73,364536.95,2.022856,0.869999,20.031953
47,1639.17,361386.55,1.893109,0.89061,18.959042
48,1724.85,375259.05,2.017605,0.87268,19.439415
49,1703.25,370300.75,1.978903,0.864517,19.322472
50,1622.25,374686.25,1.886979,0.868613,18.237348
51,1625.85,366541.75,1.87078,0.877549,18.467207
52,1689.75,374381.95,1.975112,0.87722,19.087453
53,1699.29,360384.15,1.966964,0.872837,19.73367
54,1725.57,375294.85,2.032833,0.871875,19.595813
55,1733.67,375939.25,2.047191,0.866982,19.702335
56,1770.57,364877.05,2.043026,0.86351,20.219337
57,1653.21,375491.75,1.914284,0.864379,18.451577
58,1789.11,369566.85,2.068321,0.858613,20.20034
59,1694.25,371052.55,1.98221,0.88165,19.32792
60,1683.63,370837.75,1.968056,0.866161,19.198251
61,1716.03,373737.55,1.999596,0.864558,19.357904
62,1682.37,361064.35,1.934629,0.882773,19.379929
63,1773.45,372699.35,2.091867,0.867703,20.272238
64,1778.67,374507.25,2.091677,0.86079,20.181939
65,1711.17,369262.55,1.990896,0.864745,19.501514
66,1742.67,366971.35,2.021015,0.878469,19.908984
67,1686.15,371517.95,1.97742,0.877817,19.262103
68,1662.75,373415.35,1.942747,0.864537,18.832916
69,1621.71,373630.15,1.875328,0.865202,18.174741
70,1770.93,364608.55,2.026114,0.868055,20.066354
71,1753.11,362013.05,2.027601,0.863507,20.225979
72,1661.49,366953.45,1.923247,0.88206,18.96
73,1751.49,364161.05,2.027902,0.858851,20.110836
74,1740.15,365181.35,2.031588,0.874408,20.108807
75,1727.19,373307.95,2.027441,0.882261,19.641436
76,1793.97,367579.95,2.07525,0.85941,20.387221
77,1792.71,359310.15,2.054463,0.856329,20.633403
78,1799.37,376529.95,2.100508,0.848706,20.131717
79,1711.53,364322.15,1.99153,0.87017,19.767839
80,1738.17,361690.85,2.008448,0.876708,20.066809
81,1779.39,370426.05,2.058523,0.851921,20.055399
82,1653.57,370963.05,1.911034,0.882694,18.646018
83,1790.55,375438.05,2.106954,0.856646,20.267875
84,1760.31,375205.35,2.075794,0.86665,20.002581
85,1624.23,367114.55,1.869981,0.872508,18.441495
86,1750.95,372305.55,2.036006,0.862503,19.765723
87,1620.99,363427.15,1.878752,0.880956,18.718094
88,1731.87,373522.75,2.038414,0.881224,19.734735
89,1739.97,366792.35,2.029194,0.861299,19.991684
90,1637.19,374704.15,1.893774,0.857108,18.29332
91,1758.15,371446.35,2.040225,0.87288,19.841169
92,1708.47,364340.05,1.9827,0.865975,19.68492
93,1647.09,365217.15,1.899565,0.878755,18.831869
94,1777.77,369620.55,2.051376,0.858517,20.045941
95,1794.69,361798.25,2.037596,0.859104,20.330022
96,1713.15,372466.65,2.005674,0.872254,19.484942
97,1723.23,367651.55,2.005211,0.874875,19.720205
98,1675.35,360939.05,1.92386,0.878966,19.282553
99,1669.41,376046.65,1.928327,0.874956,18.544922
100,1689.57,376655.25,1.990013,0.857308,19.114867
101,1785.87,365754.15,2.05974,0.860382,20.340475
102,1774.53,361565.55,2.043796,0.870533,20.414464
103,1712.61,358970.05,1.968982,0.882701,19.830996
104,1787.13,371535.85,2.087925,0.866775,20.295135
105,1777.41,372198.15,2.062742,0.861154,20.014382
106,1678.95,372806.75,1.953263,0.868777,18.958305
107,1707.93,367866.35,2.002688,0.88024,19.689893
108,1784.79,376404.65,2.077286,0.855544,19.937226
109,1700.37,359345.95,1.96197,0.887592,19.742648
110,1773.81,367884.25,2.052762,0.861233,20.135677
111,1727.01,363910.45,2.006907,0.870704,19.933365
112,1697.67,362317.35,1.943792,0.866491,19.407305
113,1768.05,376601.55,2.079163,0.860985,19.951129
114,1714.41,360240.95,1.984682,0.871863,19.908421
115,1662.57,373469.05,1.927706,0.868125,18.662155
116,1717.11,368385.45,1.990554,0.870208,19.539449
117,1744.47,359560.75,1.979184,0.877377,19.882834
118,1796.85,375563.35,2.097162,0.855658,20.172938
119,1634.31,362209.95,1.8577,0.870372,18.562842
120,1676.07,368528.65,1.932793,0.866887,18.967497
121,1681.65,376673.15,1.977633,0.869359,19.000241
122,1668.69,369727.95,1.921306,0.869451,18.804783
123,1628.73,362800.65,1.871472,0.885492,18.675052
124,1766.25,368295.95,2.051893,0.85787,20.118269
125,1678.59,375312.75,1.951368,0.862549,18.810395
126,1686.51,362621.65,1.950356,0.880789,19.453591
127,1788.39,369477.35,2.08508,0.857478,20.376496
128,1775.07,370497.65,2.038583,0.851338,19.876084
129,1652.49,376333.05,1.946474,0.867491,18.718582
130,1686.69,372878.35,1.978509,0.867829,19.197295
131,1658.61,360026.15,1.904372,0.877484,19.141555
132,1790.19,367418.85,2.064013,0.857806,20.251187
133,1696.59,360491.55,1.964093,0.875731,19.707065
134,1669.23,359166.95,1.932215,0.881641,19.460323
135,1704.51,372949.95,1.999595,0.87832,19.401619
136,1728.27,375670.75,2.058236,0.871798,19.817452
137,1701.81,367168.25,1.977292,0.874157,19.481083
138,1747.17,362048.85,2.020764,0.870579,20.16427
139,1762.83,374310.35,2.058507,0.863025,19.85871
140,1691.91,363176.55,1.963127,0.878656,19.552294
141,1684.89,369710.05,1.954743,0.874908,19.129074
142,1748.07,360956.95,2.03101,0.878395,20.325543
143,1751.67,367221.95,2.038828,0.8694,20.072058
144,1722.51,371159.95,2.020495,0.870986,19.679504
145,1696.23,373952.35,2.008397,0.879711,19.438213
146,1646.55,365020.25,1.910221,0.883498,18.937148
147,1799.19,360634.75,2.029683,0.855555,20.296488
148,1661.31,366380.65,1.922989,0.877164,18.995171
149,1726.11,359131.15,1.980345,0.882521,19.944269
150,1646.91,361082.25,1.87527,0.880764,18.788906
151,1720.53,364733.85,1.997686,0.87677,19.807978
152,1736.73,369924.85,2.031347,0.861991,19.840276
153,1650.33,375169.55,1.9105,0.859965,18.437068
154,1775.25,361941.45,2.040422,0.86049,20.34773
155,1662.03,375921.35,1.927019,0.8581,18.550287
156,1764.63,366273.25,2.055212,0.871214,20.266685
157,1664.37,372717.25,1.906179,0.864797,18.51104
158,1683.45,365342.45,1.973584,0.884257,19.542948
159,1693.53,359005.85,1.951667,0.877459,19.662293
160,1679.85,367669.45,1.947728,0.879932,19.156877
161,1628.37,376476.25,1.91502,0.879182,18.419546
162,1630.35,373164.75,1.881599,0.860339,18.244762
163,1635.39,363122.85,1.863052,0.880161,18.567444
164,1630.17,366649.15,1.879486,0.87689,18.555147
165,1711.71,368027.45,2.01551,0.876516,19.809593
166,1680.21,370873.55,1.938424,0.870091,18.907507
167,1795.05,366846.05,2.068086,0.864723,20.350496
168,1650.69,372448.75,1.922575,0.87249,18.68305
169,1689.39,366756.55,1.952197,0.875441,19.265992
170,1771.11,368653.95,2.056359,0.86084,20.157658
171,1702.71,361493.95,1.973686,0.873526,19.741266
172,1778.49,368099.05,2.058132,0.855436,20.197594
173,1641.15,362675.35,1.898362,0.877587,18.953253
174,1633.41,374238.75,1.894868,0.873932,18.316521
175,1713.69,371822.25,2.029711,0.88036,19.739634
176,1693.35,375849.75,1.962369,0.87084,18.884544
177,1662.39,363982.05,1.915311,0.87269,19.040298
178,1656.81,373719.65,1.938586,0.867217,18.772625
179,1780.83,360151.45,2.040461,0.856675,20.454047
180,1633.95,376422.55,1.877239,0.864102,18.047065
181,1678.05,363677.75,1.941716,0.880024,19.313987
182,1786.59,362585.85,2.0403,0.862145,20.301979
183,1753.83,368546.55,2.054217,0.871304,20.146398
184,1628.55,359292.25,1.879428,0.889376,18.933985
185,1796.31,359793.45,2.041303,0.864371,20.462021
186,1767.87,370640.85,2.050576,0.856523,19.979754
187,1708.65,360044.05,1.973885,0.878367,19.822226
188,1739.07,358898.45,1.997126,0.869341,20.1117
189,1759.77,375652.85,2.075668,0.864492,19.966503
190,1793.79,359703.95,2.052816,0.870198,20.606889
191,1719.27,372967.85,2.021214,0.86325,19.598914
192,1779.75,364859.15,2.059959,0.857188,20.375806
193,1734.93,372072.85,2.028973,0.871216,19.702129
194,1639.35,371464.25,1.894816,0.871785,18.462526
195,1673.01,361350.75,1.931444,0.882369,19.334998
196,1642.95,361243.35,1.887451,0.872419,18.900272
197,1669.59,360473.65,1.949743,0.88686,19.57469
198,1677.51,365163.45,1.946485,0.877658,19.290051
199,1759.59,360115.65,2.013257,0.860513,20.180627
200,1721.07,368850.85,2.00799,0.873901,19.676266
201,1744.29,359041.65,2.009266,0.863909,20.225912
202,1664.19,367454.65,1.945422,0.873024,19.155781
203,1777.23,376100.35,2.080214,0.855953,19.976925
204,1741.59,371088.35,2.035414,0.874233,19.837134
205,1751.85,363462.95,2.013661,0.870114,20.017382
206,1765.89,373451.15,2.072624,0.856795,20.041611
207,1713.33,372108.65,2.003965,0.875548,19.483412
208,1776.87,360616.85,2.006349,0.863916,20.070894
209,1734.39,363892.55,2.020767,0.863267,20.082806
210,1688.31,375420.15,1.991412,0.88588,19.197236
211,1623.33,364071.55,1.844446,0.864925,18.332836
212,1673.55,364196.85,1.931486,0.877947,19.185328
213,1783.53,359614.45,2.007162,0.857999,20.135741
214,1797.39,372359.25,2.08718,0.846427,20.227314
215,1691.19,361511.85,1.948279,0.875356,19.491859
216,1753.65,359757.65,1.988082,0.869998,19.962629
217,1709.01,363749.35,1.98054,0.881765,19.696503
218,1776.33,364698.05,2.046343,0.876454,20.273514
219,1658.79,371875.95,1.915776,0.870218,18.639078
220,1718.55,360563.15,1.999188,0.880988,20.049254
221,1667.43,375115.85,1.939081,0.87787,18.707647
222,1708.83,369459.45,1.988773,0.873522,19.468545
223,1737.27,374417.75,2.044683,0.866157,19.73215
224,1732.59,369942.75,2.025678,0.866029,19.806034
225,1707.57,363140.75,1.988688,0.876376,19.794693
226,1719.99,372216.05,2.029409,0.870429,19.722515
227,1668.15,369495.25,1.934655,0.878616,18.951248
228,1686.33,372090.75,1.970424,0.868678,19.157785
229,1727.73,369244.65,2.019765,0.876439,19.782002
230,1796.13,365252.95,2.068571,0.85424,20.453955
231,1684.17,375706.55,1.988977,0.875269,19.15921
232,1712.25,362245.75,1.99228,0.879736,19.881338
233,1727.37,374059.75,2.03987,0.873921,19.717657
234,1626.75,371571.65,1.875252,0.86947,18.262686
235,1624.59,361189.65,1.866307,0.884115,18.703793
236,1785.15,373576.45,2.086717,0.861843,20.167358
237,1674.45,370766.15,1.94081,0.870902,18.945935
238,1628.91,373218.45,1.873979,0.864326,18.167827
239,1698.03,366810.25,1.970571,0.882215,19.43215
240,1747.89,370282.85,2.046577,0.867091,19.980102
241,1703.43,360330.45,1.96417,0.88591,19.699392
242,1761.39,367490.45,2.058901,0.864126,20.236026
243,1705.05,373898.65,1.989862,0.867422,19.250388
244,1670.49,360205.15,1.93035,0.881929,19.391854
245,1715.13,368689.75,1.997977,0.873144,19.594295
246,1625.31,371786.45,1.885743,0.866877,18.355509
247,1626.39,368242.25,1.878292,0.864819,18.468672
248,1745.01,369137.25,2.037572,0.876983,19.947843
249,1649.61,375276.95,1.904606,0.865222,18.375333
250,1652.13,362299.45,1.910069,0.874185,19.083406
251,1718.01,363946.25,2.004503,0.884473,19.912493
252,1701.99,368564.45,1.991427,0.874212,19.540705
253,1653.93,366398.55,1.91987,0.882639,18.967201
254,1681.11,374793.65,1.96441,0.877991,18.964514
255,1658.07,371965.45,1.911192,0.866446,18.593803
256,1642.41,375473.85,1.921943,0.870236,18.529206
257,1688.13,365324.55,1.952035,0.882667,19.331759
258,1626.03,366022.65,1.888564,0.883192,18.685237
259,1677.69,366917.65,1.958194,0.8819,19.313497
260,1629.45,368457.05,1.882621,0.870738,18.496918
261,1754.01,373128.95,2.057825,0.859979,19.925099
262,1623.87,374918.95,1.890522,0.87643,18.256288
263,1768.95,374560.95,2.063293,0.867122,19.912652
264,1695.33,368994.05,1.96565,0.872153,19.274179
265,1735.11,362442.65,2.018015,0.869814,20.128763
266,1635.21,366828.15,1.87578,0.866851,18.50387
267,1651.77,367741.05,1.907334,0.871118,18.761055
268,1733.85,372824.65,2.05392,0.877716,19.917359
269,1687.77,372377.15,1.954827,0.869661,18.9965
270,1674.81,373683.85,1.973522,0.88038,19.120175
271,1799.91,374167.15,2.097003,0.858694,20.232398
272,1735.83,359077.45,1.993666,0.878257,20.075262
273,1718.37,373934.45,2.00995,0.861743,19.437784
274,1736.91,360742.15,1.995258,0.870776,19.9844
275,1724.13,367794.75,2.012032,0.875132,19.788104
276,1641.69,371374.75,1.893296,0.862444,18.452534
277,1679.67,359274.35,1.928396,0.87948,19.417596
278,1767.69,372162.35,2.066743,0.854525,20.057166
279,1725.75,360527.35,1.97887,0.872612,19.84122
280,1680.93,370694.55,1.943478,0.866316,18.974091
281,1671.39,373093.15,1.951423,0.871762,18.935791
282,1664.01,362030.95,1.911204,0.866674,19.099322
283,1623.69,374650.45,1.875966,0.865084,18.128035
284,1714.59,358808.95,1.973217,0.880046,19.882161
285,1783.17,358826.85,2.03323,0.861467,20.459663
286,1693.89,369208.85,1.975027,0.877267,19.349028
287,1743.03,370372.35,2.040639,0.869307,19.919791
288,1704.33,374632.55,1.994755,0.863061,19.266707
289,1706.49,360795.85,1.962068,0.882768,19.660708
290,1714.95,372323.45,2.012971,0.866201,19.554893
291,1756.71,362192.05,2.034513,0.867988,20.28659
292,1666.17,373182.65,1.936135,0.873855,18.779534
293,1664.55,372538.25,1.955554,0.876972,18.99989
294,1768.23,373916.55,2.067778,0.860111,19.976981
295,1630.89,374149.25,1.871084,0.868249,18.1022
296,1655.01,363409.25,1.903131,0.874317,18.951734
297,1798.47,361261.25,2.040805,0.852153,20.370899
298,1650.15,367293.55,1.894308,0.869645,18.671036
299,1680.75,374936.85,1.963836,0.858622,18.958011
300,1739.25,368886.65,2.023141,0.861718,19.824359
301,1648.35,363087.05,1.910381,0.886995,19.045276
302,1637.01,364894.95,1.89737,0.880574,18.82427
303,1620.27,361171.75,1.858702,0.87772,18.635623
304,1681.47,363767.25,1.97147,0.889342,19.609747
305,1661.85,376243.55,1.930821,0.871068,18.565901
306,1654.29,371034.65,1.916942,0.879616,18.689329
307,1726.83,359936.65,1.985521,0.880957,19.947584
308,1688.85,374525.15,1.983125,0.861134,19.147938
309,1777.95,362460.55,2.027826,0.864119,20.195467
310,1660.23,363319.75,1.927277,0.883189,19.197641
311,1728.81,369799.55,2.036725,0.87163,19.91171
312,1782.81,371285.25,2.07334,0.853894,20.150866
313,1754.55,366684.95,2.036754,0.87114,20.07755
314,1640.43,363659.85,1.879561,0.881162,18.699123
315,1775.43,368134.85,2.055162,0.855687,20.160837
316,1667.97,364393.75,1.927704,0.879048,19.147223
317,1666.89,363641.95,1.942906,0.877479,19.33523
318,1762.47,359990.35,2.024964,0.865847,20.311559
319,1785.51,359632.35,2.046185,0.862546,20.542435
320,1720.17,363033.35,2.010168,0.881491,20.018048
321,1748.79,373397.45,2.042702,0.867226,19.774131
322,1752.75,365360.35,2.019867,0.866549,19.957479
323,1748.97,365288.75,2.021177,0.859105,19.986403
324,1663.65,370658.75,1.932812,0.872933,18.864286
325,1682.73,367848.45,1.948384,0.881186,19.169964
326,1699.11,362156.25,1.971113,0.880646,19.691716
327,1787.49,369298.35,2.074557,0.850555,20.295079
328,1756.89,365843.65,2.0156,0.861566,19.902529
329,1698.39,359686.05,1.952954,0.889398,19.631031
330,1657.71,371070.45,1.932009,0.877795,18.851952
331,1754.19,365664.65,2.036531,0.87352,20.123039
332,1789.65,365145.55,2.063249,0.847587,20.387959
333,1640.97,371321.05,1.899786,0.87181,18.517305
334,1691.01,365628.85,1.978725,0.87174,19.579153
335,1723.05,363588.25,1.991933,0.878036,19.806724
336,1746.45,376583.65,2.057328,0.868265,19.757902
337,1728.63,374847.35,2.042643,0.873298,19.710053
338,1789.47,374543.05,2.091128,0.867425,20.17592
339,1787.67,364053.65,2.076109,0.869373,20.591605
340,1750.59,371500.05,2.051602,0.879934,19.96919
341,1745.55,360312.55,2.00769,0.875779,20.134806
342,1737.45,368707.65,2.031012,0.86869,19.913684
343,1791.45,363803.05,2.06189,0.85804,20.452362
344,1655.91,375581.25,1.918284,0.85745,18.469023
345,1648.17,362281.55,1.918567,0.884037,19.15676
346,1752.93,364519.05,2.028993,0.875119,20.113652
347,1747.35,369817.45,2.044921,0.877882,19.992741
348,1679.31,361118.05,1.918343,0.866055,19.2157
349,1763.01,369906.95,2.058563,0.873021,20.112394
350,1797.21,370229.15,2.084447,0.859704,20.332207
351,1725.21,376512.05,2.024829,0.864103,19.4439
352,1773.99,370175.45,2.065191,0.865908,20.135754
353,1731.15,363713.55,1.999715,0.867568,19.876081
354,1760.13,370998.85,2.072498,0.861866,20.173826
355,1672.11,365056.05,1.924178,0.880144,19.074677
356,1674.09,371428.45,1.963803,0.869171,19.137163
357,1636.65,369996.45,1.889801,0.875876,18.493799
358,1679.49,366112.15,1.92948,0.861837,19.063762
359,1683.99,363158.65,1.946469,0.874866,19.390285
360,1779.93,370748.25,2.078175,0.851192,20.252828
361,1655.55,371142.05,1.914454,0.866625,18.669601
362,1632.15,365610.95,1.885127,0.881392,18.654242
363,1672.29,368278.05,1.959175,0.884278,19.247743
364,1761.75,366237.45,2.030415,0.865274,20.027469
365,1694.61,360294.65,1.95685,0.878722,19.642286
366,1707.75,376691.05,1.992714,0.859438,19.134644
367,1732.41,368474.95,2.026279,0.883813,19.884633
368,1716.57,375957.15,2.005364,0.865522,19.302071
369,1659.33,358916.35,1.907751,0.889106,19.244188
370,1781.91,365772.05,2.056953,0.868273,20.31466
371,1793.43,370014.35,2.069982,0.851391,20.203257
372,1656.99,367902.15,1.935097,0.875822,19.039193
373,1674.27,359721.85,1.94473,0.877738,19.556416
374,1794.33,368331.75,2.07776,0.856546,20.36257
375,1639.71,366667.05,1.885113,0.877683,18.605104
376,1722.87,368958.25,2.027675,0.879058,19.877073
377,1634.85,376279.35,1.902914,0.867092,18.310466
378,1642.05,369047.75,1.909413,0.873278,18.729715
379,1683.81,363552.45,1.960298,0.88312,19.506382
380,1717.83,362335.25,1.984053,0.874748,19.784414
381,1784.43,369763.75,2.060971,0.859233,20.119934
382,1633.05,370945.15,1.885688,0.869925,18.402203
383,1706.31,364841.25,1.979152,0.874124,19.623299
384,1683.27,366881.85,1.934482,0.883252,19.073977
385,1635.57,376368.85,1.908563,0.869326,18.356839
386,1690.29,369674.25,1.964851,0.869497,19.217973
387,1738.89,364465.35,2.028989,0.871723,20.124731
388,1649.79,366989.25,1.901862,0.865838,18.751779
389,1694.07,364984.45,1.971911,0.888151,19.549233
390,1622.97,367597.85,1.885133,0.873513,18.551469
391,1718.19,365449.85,1.997501,0.883285,19.7765
392,1620.45,360348.35,1.841299,0.884113,18.497273
393,1638.81,364125.25,1.879866,0.874045,18.679604
394,1658.25,367615.75,1.918879,0.878386,18.885158
395,1744.65,366165.85,2.0252,0.870103,19.984976
396,1644.93,370712.45,1.915534,0.885455,18.710422
397,1782.27,374775.75,2.065191,0.853886,19.899705
398,1715.31,359542.85,1.991299,0.877002,20.029297
399,1710.81,368510.75,1.97798,0.87615,19.40918
400,1774.89,369781.65,2.053314,0.857844,20.057515
401,1661.67,371267.35,1.933976,0.879225,18.85286
402,1775.61,362496.35,2.02483,0.868361,20.161884
403,1719.45,364483.25,1.999895,0.884735,19.848405
404,1668.33,374113.45,1.933258,0.866343,18.702627
405,1797.57,359238.55,2.047545,0.858627,20.559555
406,1794.15,362371.05,2.046012,0.856038,20.385425
407,1740.51,361780.35,2.000615,0.873032,19.983316
408,1624.05,371589.55,1.890042,0.871813,18.407915
409,1656.09,363570.35,1.906507,0.875825,18.979901
410,1626.21,374901.05,1.868097,0.861493,18.024865
411,1632.51,364769.65,1.879468,0.880444,18.653459
412,1781.73,367508.35,2.053835,0.854153,20.164136
413,1728.09,371356.85,2.016014,0.872393,19.625081
414,1627.29,372681.45,1.88129,0.87525,18.27681
415,1721.43,372341.35,2.024813,0.865844,19.671826
416,1625.67,368313.85,1.886605,0.885534,18.540249
417,1765.53,366004.75,2.063985,0.866606,20.369801
418,1716.39,361601.35,1.975392,0.876445,19.758189
419,1729.17,367436.75,2.013062,0.86437,19.810655
420,1720.71,359023.75,1.988057,0.875068,20.023653
421,1773.63,370068.05,2.072808,0.864638,20.242062
422,1754.73,361046.45,2.014473,0.873111,20.163607
423,1672.83,364930.75,1.937291,0.874351,19.211642
424,1747.53,363373.45,2.038428,0.872091,20.269237
425,1732.05,371106.25,2.023143,0.863596,19.694016
426,1689.93,369316.25,1.991268,0.879299,19.509129
427,1729.89,376261.45,2.049231,0.866049,19.69964
428,1696.41,373648.05,1.982705,0.864506,19.206466
429,1627.47,360760.05,1.864335,0.869272,18.696406
430,1669.05,374972.65,1.932881,0.863561,18.649474
431,1655.73,374328.25,1.929828,0.880096,18.66578
432,1663.83,359453.35,1.910015,0.883543,19.230477
433,1795.23,360419.95,2.044423,0.855978,20.468532
434,1752.21,376315.15,2.054493,0.862905,19.738869
435,1705.95,363498.75,1.997562,0.87311,19.868961
436,1791.99,369745.85,2.069899,0.855368,20.206205
437,1770.03,362872.25,2.032577,0.861728,20.229637
438,1742.49,365933.15,2.029267,0.86524,20.039765
439,1719.09,375742.35,2.010519,0.862278,19.347519
440,1778.31,373003.65,2.071006,0.85943,20.065234
441,1799.55,361619.25,2.054794,0.860668,20.506878
442,1795.77,375688.65,2.113843,0.849364,20.328694
443,1710.63,376565.75,2.013382,0.869066,19.333906
444,1687.23,376619.45,1.979197,0.863828,19.009477
445,1646.19,363928.35,1.901089,0.869243,18.908282
446,1648.89,367239.85,1.900481,0.869566,18.719043
447,1771.29,371840.15,2.06327,0.853859,20.044199
448,1784.07,373665.95,2.087359,0.858476,20.178638
449,1630.71,369513.15,1.875198,0.864092,18.362716
450,1738.53,375187.45,2.026222,0.86999,19.538057
451,1769.31,359811.35,2.017522,0.865992,20.231584
452,1659.87,368421.25,1.915793,0.879084,18.813568
453,1653.03,362818.55,1.910814,0.88933,19.056458
454,1712.07,372663.55,2.002203,0.874582,19.436961
455,1786.41,361297.05,2.043256,0.865487,20.414437
456,1788.03,361529.75,2.057967,0.85752,20.54877
457,1654.83,369405.75,1.930678,0.88347,18.921192
458,1665.63,362353.15,1.906962,0.881522,19.038731
459,1632.33,362514.25,1.883191,0.875689,18.798731
460,1769.49,368832.95,2.068302,0.863298,20.27017
461,1757.25,369369.95,2.050837,0.871504,20.076012
462,1765.17,359847.15,2.012022,0.86401,20.196388
463,1656.45,376118.25,1.925329,0.861583,18.533745
464,1620.09,374489.35,1.865792,0.872806,18.03699
465,1696.77,367955.85,1.98329,0.873104,19.504497
466,1735.65,364662.25,2.036159,0.872923,20.188258
467,1741.41,369029.85,2.032844,0.872176,19.914104
468,1783.35,375796.05,2.087609,0.857134,20.071276
469,1729.35,361153.85,1.984906,0.874052,19.869772
470,1684.71,364232.65,1.945145,0.862989,19.309802
471,1784.25,358880.55,2.047873,0.849445,20.594641
472,1736.01,368188.55,2.025694,0.868994,19.893069
473,1711.35,360258.85,1.983183,0.878096,19.914144
474,1761.21,358844.75,1.993811,0.857792,20.063598
475,1688.67,370730.35,1.949699,0.859698,19.026371
476,1657.89,368868.75,1.942222,0.881609,19.048637
477,1697.85,370479.75,1.977476,0.884133,19.299755
478,1707.39,364787.55,1.970782,0.868682,19.531319
479,1795.41,362603.75,2.048803,0.859539,20.379258
480,1706.67,374220.85,2.000561,0.865787,19.342158
481,1773.27,361869.85,2.034093,0.868072,20.303109
482,1791.09,366738.65,2.073912,0.863152,20.419752
483,1662.21,369835.35,1.938238,0.869419,18.96619
484,1770.39,373540.65,2.067095,0.855816,19.992585
485,1640.07,361368.65,1.896253,0.878135,18.992705
486,1732.23,368636.05,2.017891,0.873425,19.799576
487,1695.87,368081.15,1.966114,0.878478,19.322292
488,1672.65,367204.05,1.940779,0.875748,19.119857
489,1685.79,364178.95,1.936863,0.881548,19.244585
490,1746.09,361851.95,2.015705,0.877641,20.111804
491,1702.35,365235.05,1.968014,0.868373,19.485302
492,1651.05,368492.85,1.91225,0.87931,18.783357
493,1629.99,368063.25,1.882099,0.869677,18.515118
494,1772.37,368152.75,2.065686,0.864906,20.26244
495,1794.51,371410.55,2.105298,0.859139,20.47133
496,1674.63,367758.95,1.954498,0.873282,19.230072
497,1667.07,372520.35,1.931943,0.860895,18.763496
498,1703.61,374202.95,2.001554,0.867528,19.341684
499,1628.01,369441.55,1.884129,0.873006,18.456556
500,1643.49,365986.85,1.890074,0.871058,18.693173
501,1781.01,365306.65,2.050376,0.867155,20.264338
502,1768.41,376171.95,2.074523,0.862275,19.923718
503,1636.11,361977.25,1.880452,0.873667,18.807639
504,1790.01,372896.25,2.071532,0.849952,20.045738
505,1793.61,371338.95,2.077056,0.849964,20.188055
506,1696.05,362908.05,1.967481,0.888479,19.609075
507,1784.97,367472.55,2.073227,0.868522,20.380688
508,1622.07,371661.15,1.896944,0.87411,18.475102
509,1640.61,359435.45,1.882376,0.881752,18.95787
510,1638.99,360545.25,1.875244,0.880681,18.828637
511,1693.17,362836.45,1.965358,0.882367,19.600519
512,1758.51,369692.15,2.043323,0.872226,19.978758
513,1749.87,375026.35,2.053563,0.870454,19.788616
514,1633.59,365073.95,1.888329,0.875749,18.727188
515,1781.19,359471.25,2.029416,0.854399,20.379957
516,1792.17,360670.55,2.022445,0.860154,20.238675
517,1692.27,362711.15,1.936677,0.883521,19.315947
518,1649.25,374722.05,1.91902,0.865284,18.538118
519,1726.29,370157.55,2.029312,0.873196,19.832058
520,1766.07,371482.15,2.064558,0.85948,20.087136
521,1780.65,372430.85,2.075437,0.854419,20.130251
522,1733.13,364751.75,2.012539,0.8794,19.942298
523,1643.13,370515.55,1.906751,0.875669,18.632086
524,1646.73,368116.95,1.897126,0.86913,18.65102
525,1749.15,363874.65,2.020649,0.866634,20.062146
526,1667.79,367365.15,1.936562,0.869886,19.071625
527,1779.03,368761.35,2.059396,0.866598,20.163179
528,1670.13,366595.45,1.921162,0.877429,18.961394
529,1671.93,370605.05,1.95509,0.877769,19.08646
530,1635.03,375384.35,1.891277,0.871373,18.238089
531,1690.47,362138.35,1.973959,0.880578,19.719429
532,1674.99,375008.45,1.977433,0.871004,19.08421
533,1682.55,373486.95,1.941493,0.859746,18.808326
534,1644.39,368349.65,1.925381,0.882273,18.916699
535,1664.73,362639.55,1.922784,0.875294,19.190645
536,1632.69,363069.15,1.888038,0.875677,18.82385
537,1788.21,360402.05,2.044102,0.866124,20.475924
538,1687.41,362854.35,1.943719,0.87225,19.372913
539,1767.15,367096.65,2.056593,0.857719,20.236033
540,1671.75,369280.45,1.930768,0.883366,18.930556
541,1751.13,366309.05,2.042037,0.866227,20.147113
542,1766.61,376064.55,2.089452,0.857063,20.079263
543,1779.57,361905.65,2.057235,0.8647,20.524038
544,1768.77,371696.95,2.084948,0.864523,20.270499
545,1728.99,373021.55,2.036365,0.86794,19.745169
546,1677.87,365968.95,1.929026,0.878902,19.071123
547,1653.75,375455.95,1.938544,0.875239,18.688149
548,1705.23,363355.55,1.983018,0.883509,19.741695
549,1793.25,367991.65,2.071974,0.855991,20.307232
550,1636.29,362961.75,1.877888,0.88147,18.720813
551,1787.85,360688.45,2.039123,0.855095,20.403928
552,1682.01,366577.55,1.95837,0.867923,19.33051
553,1757.43,374614.65,2.057966,0.863697,19.865485
554,1729.53,373844.95,2.040401,0.875333,19.739478
555,1643.67,360276.75,1.886039,0.877625,18.940772
556,1777.59,374453.55,2.080417,0.853801,20.072232
557,1705.77,362406.85,1.973374,0.87307,19.685543
558,1737.99,365431.95,2.019232,0.875427,19.955621
559,1721.97,368976.15,1.988664,0.866357,19.483177
560,1794.87,364357.95,2.075979,0.858757,20.560533
561,1778.13,360992.75,2.055719,0.868583,20.560385
562,1719.81,366344.85,2.004589,0.876316,19.791918
563,1790.73,373755.45,2.105818,0.861202,20.355581
564,1648.53,371016.75,1.910899,0.87074,18.637072
565,1675.71,369083.55,1.963515,0.883305,19.249616
566,1689.21,367311.45,1.976286,0.884196,19.469689
567,1764.45,374077.65,2.065924,0.867747,19.950364
568,1727.55,371231.55,2.006468,0.863317,19.540452
569,1642.23,369638.45,1.894167,0.865296,18.546287
570,1730.25,365467.75,2.001973,0.879208,19.80729
571,1637.55,371768.55,1.898262,0.866546,18.481972
572,1743.21,375133.75,2.043616,0.855099,19.696296
573,1629.27,360169.35,1.86693,0.881123,18.765598
574,1781.37,371177.85,2.073463,0.856803,20.171295
575,1714.05,374865.25,2.015241,0.874922,19.444547
576,1637.73,361332.85,1.882136,0.884816,18.854111
577,1764.81,372502.45,2.041353,0.863339,19.785302
578,1785.69,363445.05,2.04472,0.857194,20.301445
579,1673.19,369871.15,1.930559,0.863978,18.889815
580,1759.95,366434.35,2.035117,0.868748,20.069041
581,1736.19,360079.85,2.000078,0.877993,20.068044
582,1685.61,359059.55,1.929524,0.879735,19.439243
583,1744.11,360455.75,2.015084,0.880116,20.192487
584,1661.13,372985.75,1.948167,0.87438,18.901916
585,1692.81,365539.35,1.963456,0.875405,19.426578
586,1714.77,360652.65,1.987663,0.882896,19.93115
587,1642.59,365825.75,1.883642,0.871412,18.640842
588,1726.65,371947.55,2.014941,0.876617,19.591371
589,1758.87,367275.65,2.015597,0.859466,19.814216
590,1651.95,374041.85,1.921329,0.86272,18.585851
591,1635.93,372395.05,1.898816,0.872781,18.459989
592,1681.29,366702.85,1.936417,0.871761,19.108219
593,1780.29,367347.25,2.070561,0.86804,20.353082
594,1746.81,367633.65,2.03429,0.853826,19.988474
595,1696.95,371195.75,1.977537,0.876039,19.267459
596,1743.75,372574.05,2.0604,0.865771,19.985119
597,1709.55,376547.85,2.006478,0.868739,19.275201
598,1743.93,365038.15,2.027747,0.871704,20.085975
599,1721.79,364715.95,2.003266,0.875459,19.856955
600,1763.37,363999.95,2.053734,0.864474,20.382412
601,1797.03,359184.85,2.05284,0.865643,20.62523
602,1680.57,368367.55,1.960554,0.87629,19.255467
603,1749.69,360706.35,2.010893,0.868124,20.136184
604,1668.87,368779.25,1.922164,0.860748,18.850815
605,1620.63,367723.15,1.865235,0.881632,18.363122
606,1717.47,367937.95,2.001538,0.874263,19.676947
607,1684.53,364554.85,1.966686,0.873598,19.513723
608,1652.67,366326.95,1.923445,0.875382,19.011216
609,1734.75,370211.25,2.030408,0.868015,19.830983
610,1735.47,363015.45,2.021869,0.876067,20.132423
611,1769.67,362227.85,2.030102,0.859531,20.237316
612,1650.87,365700.45,1.922527,0.880192,19.028074
613,1771.83,361959.35,2.041851,0.873894,20.376742
614,1767.33,372645.65,2.070447,0.865017,20.078291
615,1745.19,370801.95,2.04067,0.872406,19.900827
616,1730.61,376297.25,2.033981,0.870907,19.551264
617,1677.15,359668.15,1.930185,0.884558,19.402236
618,1783.71,365199.25,2.04517,0.852104,20.21396
619,1628.19,374256.65,1.886534,0.869639,18.252769
620,1721.61,371858.05,2.023631,0.874341,19.686343
621,1653.39,370318.65,1.920948,0.866325,18.774422
622,1776.69,374006.05,2.091472,0.861206,20.20509
623,1703.97,374435.65,2.006989,0.870798,19.395551
624,1766.97,363051.25,2.029701,0.85894,20.198016
625,1743.39,370622.95,2.037343,0.87907,19.861773
626,1760.67,363391.35,2.034716,0.862982,20.233738
627,1754.91,363820.95,2.02342,0.865795,20.095589
628,1758.69,367544.15,2.039411,0.864297,20.043274
629,1659.51,373290.05,1.914131,0.851883,18.55529
630,1746.63,363695.65,2.019779,0.877649,20.077299
631,1694.97,369960.65,1.974682,0.865174,19.301402
632,1762.65,375903.45,2.060146,0.853676,19.806322
633,1621.35,374185.05,1.887558,0.866897,18.255143
634,1662.93,359417.55,1.902089,0.882873,19.155425
635,1705.41,363212.35,1.97145,0.886348,19.638775
636,1631.43,362925.95,1.879078,0.876726,18.738406
637,1718.91,375241.15,2.017623,0.872084,19.442333
638,1755.99,363230.25,2.038582,0.867649,20.277439
639,1701.27,361547.65,1.966847,0.873287,19.674816
640,1709.73,375617.05,2.01972,0.876523,19.447637
641,1737.81,373057.35,2.052969,0.869765,19.9058
642,1631.79,367007.15,1.869086,0.875175,18.432339
643,1675.17,362478.45,1.920528,0.877457,19.168684
644,1710.99,370461.85,2.008237,0.868308,19.611398
645,1707.03,372054.95,1.986995,0.866936,19.318697
646,1671.57,365485.65,1.931297,0.886242,19.128698
647,1772.55,371983.35,2.064304,0.852013,20.039085
648,1734.57,365270.85,2.012703,0.865745,19.921851
649,1701.45,367132.45,1.96186,0.877813,19.332985
650,1667.25,359256.45,1.911829,0.883564,19.246563
651,1755.63,374668.35,2.052453,0.861058,19.797883
652,1774.35,362782.75,2.030236,0.858536,20.207656
653,1715.49,361422.35,1.978637,0.879577,19.800629
654,1763.91,371392.65,2.057227,0.862904,20.020525
655,1715.85,363337.65,1.997876,0.883175,19.880637
656,1691.73,375760.25,1.990154,0.875903,19.168706
657,1743.57,376154.05,2.058488,0.867574,19.787378
658,1723.59,360223.05,1.980025,0.875048,19.870415
659,1703.07,368439.15,1.974209,0.881224,19.379834
660,1761.03,364089.45,2.029815,0.870184,20.140873
661,1762.29,367025.05,2.048758,0.863557,20.167419
662,1772.19,359972.45,2.019464,0.853244,20.258021
663,1698.57,362084.65,1.973059,0.873551,19.700358
664,1644.75,370855.65,1.909763,0.866697,18.63451
665,1742.13,364823.35,2.014591,0.874252,19.966377
666,1688.49,372753.05,1.959817,0.864603,19.013225
667,1796.67,368815.05,2.072104,0.855463,20.277748
668,1709.19,372556.15,1.989303,0.864783,19.302964
669,1685.07,359900.85,1.952578,0.891381,19.632255
670,1765.71,375975.05,2.083607,0.86266,20.027006
671,1762.11,372126.55,2.060372,0.854847,20.012035
672,1690.65,366362.75,1.96328,0.868941,19.380684
673,1788.57,371213.65,2.081796,0.855488,20.250582
674,1624.77,365879.45,1.879119,0.887013,18.597498
675,1666.53,368009.55,1.926728,0.871866,18.945959
676,1752.39,370121.75,2.043639,0.867156,19.961317
677,1733.31,363104.95,2.001965,0.884404,19.940247
678,1625.49,359095.35,1.851191,0.873709,18.659363
679,1761.93,360097.75,2.02084,0.865681,20.259095
680,1697.49,363516.65,1.976544,0.88415,19.665949
681,1665.99,361010.65,1.937874,0.881878,19.424509
682,1647.45,367562.05,1.908644,0.878714,18.801161
683,1724.49,365002.35,2.011681,0.88181,19.929658
684,1682.91,375223.25,1.954865,0.869491,18.850565
685,1641.87,373111.05,1.909427,0.877584,18.525831
686,1691.37,364644.35,1.975388,0.868275,19.590592
687,1738.71,374399.85,2.047778,0.873739,19.78558
688,1786.95,359524.95,2.028855,0.866415,20.365669
689,1736.37,366523.85,2.017352,0.874834,19.895978
690,1735.29,374757.85,2.020163,0.858644,19.4868
691,1659.15,367257.75,1.931785,0.877021,19.029028
692,1620.81,369352.05,1.869498,0.858439,18.31881
693,1659.69,365521.45,1.91624,0.867219,18.971972
694,1627.65,367973.75,1.865759,0.865804,18.344446
695,1777.05,360885.35,2.040988,0.85628,20.43028
696,1782.99,375634.95,2.075574,0.84899,19.947776
697,1769.85,375778.15,2.076025,0.859173,19.966216
698,1749.33,374811.55,2.067896,0.8692,19.950161
699,1702.89,373343.75,1.997516,0.871055,19.347577
700,1632.87,366613.35,1.886114,0.870431,18.626712
701,1707.21,362532.15,1.986174,0.877443,19.806892
702,1759.23,363856.75,2.029175,0.861877,20.146799
703,1645.11,372233.95,1.893189,0.862494,18.398023
704,1754.37,370909.35,2.041666,0.859439,19.892112
705,1660.95,372269.75,1.91941,0.875577,18.652658
706,1790.37,368671.85,2.064959,0.855609,20.224282
707,1699.83,360777.95,1.97101,0.88054,19.7632
708,1678.41,366935.55,1.961986,0.870204,19.347339
709,1712.79,376225.65,2.012115,0.876855,19.334164
710,1687.05,361672.95,1.96493,0.8781,19.6601
711,1692.63,360187.25,1.956331,0.880051,19.645618
712,1742.31,365682.55,2.018498,0.876446,19.944251
713,1798.11,366416.45,2.078094,0.870236,20.475016
714,1655.37,360849.55,1.905804,0.876142,19.111624
715,1791.81,372770.95,2.078794,0.854357,20.129971
716,1703.79,362066.75,1.970707,0.889474,19.691946
717,1649.43,372932.05,1.925465,0.867675,18.686527
718,1755.81,371893.85,2.0623,0.875771,20.049995
719,1622.79,374739.95,1.886893,0.879853,18.233377
720,1753.47,365807.85,2.029732,0.879745,20.046041
721,1738.35,375992.95,2.05857,0.865475,19.796579
722,1750.05,369978.55,2.032441,0.858446,19.851272
723,1712.43,369155.15,1.992319,0.867728,19.524773
724,1638.63,367705.25,1.902367,0.885464,18.729787
725,1665.45,363266.05,1.911443,0.871567,19.042649
726,1672.47,369423.65,1.934318,0.873518,18.94803
727,1779.21,368206.45,2.078241,0.856899,20.393105
728,1775.97,369190.95,2.074883,0.873425,20.301717
729,1757.07,368582.35,2.058507,0.861796,20.181986
730,1669.77,364286.35,1.953286,0.880171,19.394892
731,1797.93,373594.35,2.085312,0.851472,20.148362
732,1692.45,372037.05,1.986852,0.867719,19.325542
733,1631.97,361028.55,1.885865,0.876255,18.903915
734,1623.15,371679.05,1.861218,0.865351,18.115795
735,1668.51,366899.75,1.944325,0.880656,19.180651
736,1756.17,360831.65,2.018009,0.861872,20.197074
737,1647.99,376458.35,1.902669,0.870557,18.295065
738,1694.43,370569.25,1.990237,0.874494,19.432763
739,1701.63,369119.35,1.977381,0.860597,19.382368
740,1681.83,366201.65,1.941408,0.874605,19.169485
741,1706.13,366058.45,1.984135,0.883029,19.607707
742,1624.41,361637.15,1.861096,0.881346,18.632323
743,1665.09,362550.05,1.927936,0.881321,19.239823
744,1660.41,364411.65,1.935256,0.878608,19.217461
745,1795.59,375044.25,2.095466,0.867621,20.189642
746,1700.91,370247.05,1.965098,0.874756,19.201033
747,1634.13,368170.65,1.897511,0.880185,18.653303
748,1667.61,366452.25,1.937646,0.870524,19.138429
749,1788.93,371553.75,2.066334,0.851404,20.073527
750,1676.79,365396.15,1.941774,0.870594,19.231394
751,1640.79,367812.65,1.895352,0.874445,18.650738
752,1654.47,359578.65,1.90937,0.873956,19.214288
753,1623.51,375813.95,1.887755,0.870506,18.187858
754,1798.65,373809.15,2.093309,0.849553,20.228118
755,1622.43,374578.85,1.886373,0.871633,18.230652
756,1788.75,374596.75,2.085942,0.861285,20.103852
757,1780.11,361995.15,2.052478,0.865157,20.485568
758,1627.11,360921.15,1.871863,0.869669,18.766358
759,1755.09,375867.65,2.076043,0.872825,19.969126
760,1713.87,366720.75,2.012787,0.877226,19.843762
761,1633.77,374883.15,1.892169,0.861212,18.270377
762,1699.65,361135.95,1.963495,0.87889,19.675153
763,1759.41,366094.25,2.029801,0.868585,20.041906
764,1650.51,372788.85,1.905338,0.854015,18.490431
765,1739.43,367400.95,2.037165,0.877163,20.04319
766,1697.13,367920.05,1.984302,0.882122,19.514693
767,1765.35,369173.05,2.040731,0.860495,19.970428
768,1730.43,370587.15,2.032574,0.8765,19.832549
769,1656.27,366076.35,1.905372,0.865684,18.831608
770,1795.95,363838.85,2.078046,0.860665,20.624724
771,1697.31,363248.15,1.94575,0.874269,19.375309
772,1752.57,370336.55,2.03968,0.871691,19.916014
773,1695.69,360366.25,1.956258,0.882211,19.646027
774,1638.45,367078.75,1.885242,0.869004,18.582881
775,1626.93,364590.65,1.860581,0.86464,18.473728
776,1676.25,366291.15,1.951433,0.884357,19.284445
777,1750.23,373773.35,2.053424,0.86732,19.853561
778,1785.33,376494.15,2.084607,0.858116,19.999559
779,1666.71,360437.85,1.933305,0.887393,19.409113
780,1663.11,359202.75,1.9181,0.87583,19.32161
781,1690.83,364017.85,1.954612,0.87588,19.422788
782,1760.49,370050.15,2.041297,0.861499,19.928202
783,1645.47,368224.35,1.907425,0.875139,18.752332
784,1698.93,365861.55,1.975592,0.873511,19.521043
785,1722.33,369101.45,2.021706,0.876304,19.81299
786,1756.53,362102.55,2.013625,0.86941,20.090709
787,1716.75,376082.45,2.03908,0.868318,19.619683
788,1748.25,364805.45,2.012615,0.864352,19.922013
789,1740.33,361314.95,2.012228,0.874287,20.126261
790,1753.29,361726.65,2.03494,0.869998,20.323999
791,1766.79,361583.45,2.023168,0.855944,20.211862
792,1687.95,370354.45,1.986991,0.876264,19.400388
793,1621.53,364250.55,1.866458,0.873416,18.542571
794,1647.81,365091.85,1.895433,0.873933,18.792936
795,1670.85,374364.05,1.932812,0.857588,18.686765
796,1774.71,361476.05,2.03001,0.865836,20.277751
797,1719.63,373039.45,2.011104,0.871539,19.495958
798,1729.71,359650.25,2.006754,0.869216,20.174759
799,1717.29,359882.95,1.979923,0.879824,19.889271
800,1629.63,374990.55,1.884489,0.872848,18.186345
801,1651.23,367687.35,1.882471,0.866568,18.534062
802,1744.83,370085.95,2.051675,0.875298,20.046714
803,1700.73,366130.05,1.990096,0.872517,19.663877
804,1736.55,372609.85,2.028021,0.865355,19.665476
805,1732.77,372412.95,2.024639,0.871484,19.644135
806,1645.83,370443.95,1.904446,0.864659,18.606751
807,1689.03,375509.65,1.992959,0.865637,19.203974
808,1725.03,373325.85,2.013907,0.869164,19.499751
809,1781.55,364214.75,2.038934,0.858893,20.21175
810,1676.43,369011.95,1.945277,0.874217,19.074596
811,1704.15,376207.75,1.990718,0.867188,19.130442
812,1631.61,364501.15,1.869202,0.873592,18.560573
813,1734.21,358862.65,2.002924,0.875566,20.166352
814,1763.73,372180.25,2.052124,0.86226,19.924139
815,1685.25,364447.45,1.96085,0.890912,19.461611
816,1780.47,371911.75,2.080559,0.864081,20.208886
817,1670.31,363606.15,1.92295,0.883737,19.125197
818,1676.97,361834.05,1.94441,0.884705,19.439701
819,1691.55,365789.95,1.962494,0.868631,19.412559
820,1757.97,365951.05,2.02847,0.862964,20.026447
821,1658.43,372287.65,1.926482,0.859301,18.721866
822,1723.77,361404.45,1.998546,0.881484,19.992599
823,1705.59,366040.55,1.99279,0.877876,19.696717
824,1660.59,360133.55,1.911485,0.875879,19.199551
825,1746.99,370819.85,2.04627,0.860805,19.943215
826,1723.41,374829.45,2.025901,0.872852,19.558982
827,1648.71,366488.05,1.900376,0.883112,18.772529
828,1679.13,361440.25,1.956301,0.890752,19.582926
829,1673.91,375402.25,1.956484,0.861867,18.863004
830,1702.53,361100.15,1.97114,0.889597,19.739551
831,1660.05,373361.65,1.910243,0.865698,18.511089
832,1740.69,370980.95,2.016244,0.863264,19.649919
833,1687.59,373146.85,1.950757,0.870086,18.91081
834,1695.15,359381.75,1.949415,0.88136,19.612874
835,1716.21,362943.85,1.988197,0.873993,19.802258
836,1644.03,359399.65,1.895853,0.889673,19.089649
837,1645.65,365575.15,1.907999,0.88667,18.884009
838,1745.37,369334.15,2.056135,0.864197,20.119692
839,1682.19,369853.25,1.960598,0.87113,19.181606
840,1734.03,359775.55,2.009811,0.877633,20.199244
841,1771.47,359363.85,1.992806,0.867694,20.018141
842,1671.03,363301.85,1.947576,0.878524,19.398648
843,1631.25,373988.15,1.905535,0.868351,18.444859
844,1708.11,372860.45,2.002099,0.871405,19.432267
845,1739.79,367150.35,2.020689,0.870795,19.892464
846,1792.53,374471.45,2.082385,0.847075,20.065899
847,1645.29,361887.75,1.886446,0.874147,18.870248
848,1704.87,370139.65,1.998719,0.881145,19.530645
849,1732.95,366147.95,2.008463,0.873184,19.821198
850,1761.57,375348.55,2.073387,0.853158,19.95677
851,1737.09,368797.15,2.036211,0.878556,19.95909
852,1692.09,368743.45,1.964228,0.862685,19.259823
853,1775.79,373701.75,2.081552,0.85888,20.120656
854,1792.35,375330.65,2.100903,0.847849,20.212094
855,1701.09,361655.05,1.970157,0.881924,19.699245
856,1634.49,360974.85,1.878272,0.889217,18.825683
857,1660.77,372144.45,1.937275,0.871135,18.845955
858,1773.09,358934.25,2.010766,0.859889,20.218641
859,1764.99,375599.15,2.077353,0.862687,19.991796
860,1649.07,374023.95,1.902666,0.852759,18.410894
861,1678.23,359113.25,1.946564,0.881553,19.61092
862,1787.31,373200.55,2.09208,0.861601,20.242369
863,1638.09,375062.15,1.906031,0.867788,18.399908
864,1745.91,365897.35,2.009024,0.870298,19.845973
865,1680.03,368725.55,1.970129,0.872922,19.335312
866,1730.97,369584.75,2.026896,0.867368,19.827111
867,1700.01,364948.65,1.975083,0.873719,19.569279
868,1664.91,371249.45,1.92865,0.865189,18.804757
869,1797.75,362729.05,2.069281,0.858624,20.575273
870,1699.47,369889.05,1.988439,0.876604,19.451587
871,1710.27,360008.25,1.986185,0.869803,19.947191
872,1770.75,363624.05,2.023517,0.865525,20.090177
873,1755.45,376010.85,2.072994,0.858905,19.926949
874,1627.83,362263.65,1.86158,0.875687,18.600125
875,1644.57,359739.75,1.879747,0.878366,18.909592
876,1763.55,366219.55,2.032086,0.873581,20.045748
877,1791.27,374274.55,2.116712,0.861661,20.432515
878,1686.87,373558.55,1.985473,0.879803,19.235234
879,1786.23,371625.35,2.065405,0.851491,20.08578
880,1772.91,360598.95,2.034582,0.86717,20.371982
881,1622.61,359865.05,1.828482,0.870808,18.389661
882,1685.43,362764.85,1.956541,0.874506,19.502987
883,1651.59,367526.25,1.892587,0.865705,18.631799
884,1718.73,364143.15,1.995006,0.886057,19.79618
885,1750.41,375831.85,2.063285,0.879963,19.851367
886,1712.97,374292.45,2.011707,0.872261,19.442582
887,1751.31,359149.05,2.013596,0.866795,20.253199
888,1635.75,365503.55,1.888007,0.877405,18.697063
889,1709.91,375885.55,2.00147,0.86522,19.255105
890,1714.23,360061.95,1.978237,0.886412,19.861876
891,1698.21,371804.35,2.002504,0.872625,19.486596
892,1647.27,376189.85,1.926675,0.865618,18.534224
893,1782.45,369226.75,2.088719,0.869849,20.437076
894,1677.33,371303.15,1.948016,0.872847,18.990093
895,1638.27,362388.95,1.906865,0.883195,19.048035
896,1657.35,373612.25,1.900981,0.86133,18.408248
897,1731.51,360509.45,1.993326,0.871716,19.979978
898,1708.29,376350.95,1.992909,0.862527,19.158635
899,1774.17,376386.75,2.089166,0.858955,20.047672
900,1793.07,365127.65,2.061954,0.846362,20.383907
901,1722.15,362979.65,1.983957,0.874489,19.762537
902,1680.39,361279.15,1.940846,0.886111,19.438653
903,1713.51,370408.15,2.016823,0.87345,19.693717
904,1654.65,368904.55,1.905995,0.872767,18.695657
905,1746.27,373272.15,2.04029,0.860877,19.764935
906,1749.51,359328.05,2.002118,0.864236,20.11554
907,1626.57,368618.15,1.862649,0.86903,18.282157
908,1752.03,367042.95,2.040131,0.863126,20.083386
909,1710.09,370533.45,2.00291,0.876199,19.54827
910,1655.19,375527.55,1.934475,0.865418,18.65085
911,1740.87,373504.85,2.050957,0.877201,19.854697
912,1709.37,371732.75,1.997143,0.867694,19.437745
913,1675.89,376637.35,1.96414,0.859514,18.874226
914,1657.53,363534.55,1.90965,0.883953,19.009246
915,1669.95,361744.55,1.92743,0.881052,19.276855
916,1685.97,372001.25,1.957572,0.864003,19.038808
917,1757.61,368260.15,2.052951,0.861603,20.138076
918,1725.93,362693.25,2.009532,0.870255,20.028161
919,1725.39,358987.95,1.990154,0.87596,20.038319
920,1798.29,363731.45,2.065098,0.859836,20.483508
921,1766.43,366559.65,2.041152,0.874878,20.119125
922,1733.49,368045.35,2.00932,0.863826,19.739143
923,1633.23,372591.95,1.880583,0.871889,18.266793
924,1772.01,375097.95,2.052913,0.852083,19.758573
925,1720.89,362890.15,1.993986,0.871024,19.866836
926,1654.11,359596.55,1.92382,0.879979,19.358586
927,1723.95,362997.55,2.000619,0.88069,19.929338
928,1731.33,365646.75,2.014309,0.874304,19.915543
929,1715.67,363964.15,1.997787,0.887152,19.845694
930,1726.47,363194.45,2.003624,0.878207,19.941824
931,1750.77,364680.15,2.008201,0.869954,19.887725
932,1783.89,364429.55,2.060625,0.864631,20.422664
933,1786.05,373433.25,2.081409,0.850945,20.124817
934,1704.69,372251.85,2.006544,0.876556,19.491254
935,1798.83,369656.35,2.072776,0.853296,20.248725
936,1764.09,373880.75,2.084891,0.870687,20.153082
937,1760.85,372914.15,2.06193,0.861344,19.971106
938,1651.41,359954.55,1.91091,0.886768,19.205314
939,1756.35,360813.75,2.015974,0.876417,20.183577
940,1621.17,375366.45,1.883394,0.865227,18.163074
941,1700.55,364268.45,1.970691,0.883093,19.563924
942,1706.85,361207.55,1.964732,0.872034,19.669638
943,1631.07,359507.05,1.860287,0.877494,18.725438
944,1730.79,360581.05,2.002759,0.876113,20.08041
945,1621.89,373254.25,1.85686,0.863143,18.007777
946,1711.89,373075.25,2.00626,0.861389,19.443625
947,1663.29,370784.05,1.950424,0.864187,19.037074
948,1636.47,369548.95,1.909527,0.889853,18.710011
949,1771.65,366774.45,2.038279,0.867073,20.063229
950,1678.77,366470.15,1.95334,0.881459,19.292983
951,1670.67,372484.55,1.952028,0.871959,18.967581
952,1741.77,365718.35,2.023079,0.866531,19.989405
953,1759.05,365593.05,2.027566,0.87125,20.031498
954,1776.51,363283.95,2.03565,0.847394,20.224865
955,1747.71,373827.05,2.041755,0.870196,19.73951
956,1741.23,364966.55,2.033558,0.868119,20.142723
957,1658.97,372019.15,1.924686,0.866207,18.714582
958,1637.91,371929.65,1.874144,0.870928,18.233477
959,1690.11,371714.85,1.977171,0.881054,19.246122
960,1649.97,370551.35,1.901646,0.87421,18.574129
961,1782.09,367060.85,2.071308,0.861863,20.365546
962,1792.89,362567.95,2.054317,0.861748,20.453516
963,1693.71,367830.55,1.965753,0.875351,19.339143
964,1739.61,368600.25,2.029321,0.880985,19.90231
965,1663.47,360903.25,1.942906,0.885171,19.481792
966,1789.83,362120.45,2.09096,0.861476,20.843158
967,1799.73,359829.25,2.06431,0.859675,20.708315
968,1741.05,374954.75,2.04796,0.874074,19.738273
969,1624.95,369531.05,1.871055,0.863414,18.324601
970,1757.79,370676.65,2.039533,0.858956,19.889414
971,1657.17,364375.85,1.90345,0.867609,18.905272
972,1700.19,370103.85,2.00304,0.878349,19.579383
973,1694.79,366505.95,1.955845,0.871982,19.299284
974,1721.25,372842.55,2.020489,0.861062,19.608342
975,1665.27,362424.75,1.920407,0.87252,19.173492
976,1786.77,366183.75,2.063001,0.860466,20.352906
977,1656.63,364107.35,1.923606,0.882204,19.116673
978,1724.31,370193.35,2.020276,0.876231,19.739294
979,1717.65,361923.55,1.985332,0.873484,19.827005
980,1731.69,366863.95,2.024678,0.874912,19.954981
981,1636.83,361708.75,1.868253,0.869301,18.693761
982,1639.89,368403.35,1.896379,0.869076,18.636913
983,1629.81,370891.45,1.87782,0.871883,18.323352
984,1770.21,365736.25,2.036749,0.854049,20.098487
985,1643.31,363785.15,1.871937,0.871465,18.62225
986,1727.91,364626.45,1.997469,0.876326,19.79662
987,1728.45,365557.25,2.003316,0.862977,19.803648
988,1683.09,370927.25,1.955759,0.86472,19.073299
989,1763.19,364304.25,2.048979,0.862775,20.319981
990,1778.85,376136.15,2.093506,0.866746,20.120774
991,1791.63,362746.95,2.053933,0.862948,20.432113
992,1666.35,367329.35,1.912721,0.860022,18.843822
993,1722.69,375545.45,2.035304,0.869876,19.609154
994,1764.27,359918.75,2.024074,0.874372,20.312511
995,1784.61,370390.25,2.074889,0.857944,20.247158
996,1769.13,374346.15,2.071792,0.856619,19.996618
997,1720.35,369602.65,2.02515,0.866183,19.814749
998,1692.99,374095.55,1.985851,0.868073,19.207165
999,1637.37,359489.15,1.893306,0.88588,19.064436
